date,base,quote,rate
2010-01-01,EUR,BRL,2.5083
2010-01-04,EUR,BRL,2.4956
2010-01-05,EUR,BRL,2.4873
2010-01-06,EUR,BRL,2.4899
2010-01-07,EUR,BRL,2.4981
2010-01-08,EUR,BRL,2.5006
2010-01-11,EUR,BRL,2.503
2010-01-12,EUR,BRL,2.5215
2010-01-13,EUR,BRL,2.5312
2010-01-14,EUR,BRL,2.549
2010-01-15,EUR,BRL,2.5458
2010-01-16,EUR,BRL,2.5446
2010-01-18,EUR,BRL,2.5456
2010-01-19,EUR,BRL,2.5403
2010-01-20,EUR,BRL,2.5303
2010-01-21,EUR,BRL,2.5236
2010-01-22,EUR,BRL,2.5483
2010-01-23,EUR,BRL,2.5485
2010-01-25,EUR,BRL,2.5656
2010-01-26,EUR,BRL,2.5748
2010-01-27,EUR,BRL,2.5863
2010-01-28,EUR,BRL,2.6
2010-01-29,EUR,BRL,2.6091
2010-01-30,EUR,BRL,2.6075
2010-02-01,EUR,BRL,2.6085
2010-02-02,EUR,BRL,2.584
2010-02-03,EUR,BRL,2.5717
2010-02-04,EUR,BRL,2.5797
2010-02-05,EUR,BRL,2.581
2010-02-06,EUR,BRL,2.5769
2010-02-08,EUR,BRL,2.5673
2010-02-09,EUR,BRL,2.5588
2010-02-10,EUR,BRL,2.5499
2010-02-11,EUR,BRL,2.5465
2010-02-12,EUR,BRL,2.5384
2010-02-13,EUR,BRL,2.5367
2010-02-15,EUR,BRL,2.5349
2010-02-16,EUR,BRL,2.5336
2010-02-17,EUR,BRL,2.5292
2010-02-18,EUR,BRL,2.4975
2010-02-19,EUR,BRL,2.4655
2010-02-20,EUR,BRL,2.4644
2010-02-22,EUR,BRL,2.4641
2010-02-23,EUR,BRL,2.4725
2010-02-24,EUR,BRL,2.4711
2010-02-25,EUR,BRL,2.4706
2010-02-26,EUR,BRL,2.4704
2010-02-27,EUR,BRL,2.4723
2010-03-01,EUR,BRL,2.4592
2010-03-02,EUR,BRL,2.4398
2010-03-03,EUR,BRL,2.4404
2010-03-04,EUR,BRL,2.4479
2010-03-05,EUR,BRL,2.4376
2010-03-06,EUR,BRL,2.4358
2010-03-08,EUR,BRL,2.4339
2010-03-09,EUR,BRL,2.4361
2010-03-10,EUR,BRL,2.4214
2010-03-11,EUR,BRL,2.4185
2010-03-12,EUR,BRL,2.423
2010-03-13,EUR,BRL,2.4242
2010-03-15,EUR,BRL,2.4254
2010-03-16,EUR,BRL,2.4208
2010-03-17,EUR,BRL,2.4302
2010-03-18,EUR,BRL,2.4323
2010-03-19,EUR,BRL,2.4388
2010-03-20,EUR,BRL,2.4374
2010-03-22,EUR,BRL,2.4395
2010-03-23,EUR,BRL,2.4247
2010-03-24,EUR,BRL,2.4038
2010-03-25,EUR,BRL,2.4046
2010-03-26,EUR,BRL,2.4282
2010-03-27,EUR,BRL,2.4277
2010-03-29,EUR,BRL,2.4372
2010-03-30,EUR,BRL,2.425
2010-03-31,EUR,BRL,2.4107
2010-04-01,EUR,BRL,2.4084
2010-04-02,EUR,BRL,2.4064
2010-04-03,EUR,BRL,2.4054
2010-04-05,EUR,BRL,2.3989
2010-04-06,EUR,BRL,2.3743
2010-04-07,EUR,BRL,2.3612
2010-04-08,EUR,BRL,2.374
2010-04-09,EUR,BRL,2.3827
2010-04-10,EUR,BRL,2.3835
2010-04-12,EUR,BRL,2.3959
2010-04-13,EUR,BRL,2.3911
2010-04-14,EUR,BRL,2.3867
2010-04-15,EUR,BRL,2.3808
2010-04-16,EUR,BRL,2.378
2010-04-17,EUR,BRL,2.3773
2010-04-19,EUR,BRL,2.3757
2010-04-20,EUR,BRL,2.3665
2010-04-21,EUR,BRL,2.3585
2010-04-22,EUR,BRL,2.3545
2010-04-23,EUR,BRL,2.3521
2010-04-24,EUR,BRL,2.351
2010-04-26,EUR,BRL,2.3433
2010-04-27,EUR,BRL,2.3404
2010-04-28,EUR,BRL,2.337
2010-04-29,EUR,BRL,2.3151
2010-04-30,EUR,BRL,2.305
2010-05-01,EUR,BRL,2.3047
2010-05-03,EUR,BRL,2.3017
2010-05-04,EUR,BRL,2.2902
2010-05-05,EUR,BRL,2.2953
2010-05-06,EUR,BRL,2.3094
2010-05-07,EUR,BRL,2.3359
2010-05-08,EUR,BRL,2.3365
2010-05-10,EUR,BRL,2.3386
2010-05-11,EUR,BRL,2.2804
2010-05-12,EUR,BRL,2.267
2010-05-13,EUR,BRL,2.2509
2010-05-14,EUR,BRL,2.2404
2010-05-15,EUR,BRL,2.2362
2010-05-17,EUR,BRL,2.2266
2010-05-18,EUR,BRL,2.2248
2010-05-19,EUR,BRL,2.2344
2010-05-20,EUR,BRL,2.2716
2010-05-21,EUR,BRL,2.3272
2010-05-22,EUR,BRL,2.3302
2010-05-24,EUR,BRL,2.3224
2010-05-25,EUR,BRL,2.3068
2010-05-26,EUR,BRL,2.2768
2010-05-27,EUR,BRL,2.2704
2010-05-28,EUR,BRL,2.2488
2010-05-29,EUR,BRL,2.2488
2010-05-31,EUR,BRL,2.2423
2010-06-01,EUR,BRL,2.2346
2010-06-02,EUR,BRL,2.2492
2010-06-03,EUR,BRL,2.2391
2010-06-04,EUR,BRL,2.2265
2010-06-05,EUR,BRL,2.2235
2010-06-07,EUR,BRL,2.2282
2010-06-08,EUR,BRL,2.2324
2010-06-09,EUR,BRL,2.2186
2010-06-10,EUR,BRL,2.2129
2010-06-11,EUR,BRL,2.1938
2010-06-12,EUR,BRL,2.194
2010-06-14,EUR,BRL,2.2026
2010-06-15,EUR,BRL,2.2077
2010-06-16,EUR,BRL,2.2017
2010-06-17,EUR,BRL,2.1994
2010-06-18,EUR,BRL,2.2012
2010-06-19,EUR,BRL,2.2023
2010-06-21,EUR,BRL,2.1968
2010-06-22,EUR,BRL,2.1878
2010-06-23,EUR,BRL,2.1967
2010-06-24,EUR,BRL,2.2051
2010-06-25,EUR,BRL,2.2018
2010-06-26,EUR,BRL,2.2017
2010-06-28,EUR,BRL,2.2015
2010-06-29,EUR,BRL,2.1986
2010-06-30,EUR,BRL,2.2078
2010-07-01,EUR,BRL,2.2163
2010-07-02,EUR,BRL,2.2309
2010-07-03,EUR,BRL,2.2338
2010-07-05,EUR,BRL,2.229
2010-07-06,EUR,BRL,2.2297
2010-07-07,EUR,BRL,2.2379
2010-07-08,EUR,BRL,2.2339
2010-07-09,EUR,BRL,2.2372
2010-07-10,EUR,BRL,2.237
2010-07-12,EUR,BRL,2.2253
2010-07-13,EUR,BRL,2.2163
2010-07-14,EUR,BRL,2.2321
2010-07-15,EUR,BRL,2.2504
2010-07-16,EUR,BRL,2.2784
2010-07-17,EUR,BRL,2.2807
2010-07-19,EUR,BRL,2.3006
2010-07-20,EUR,BRL,2.3105
2010-07-21,EUR,BRL,2.2866
2010-07-22,EUR,BRL,2.2764
2010-07-23,EUR,BRL,2.2714
2010-07-24,EUR,BRL,2.2725
2010-07-26,EUR,BRL,2.2854
2010-07-27,EUR,BRL,2.2902
2010-07-28,EUR,BRL,2.296
2010-07-29,EUR,BRL,2.3011
2010-07-30,EUR,BRL,2.298
2010-07-31,EUR,BRL,2.2982
2010-08-02,EUR,BRL,2.2928
2010-08-03,EUR,BRL,2.3095
2010-08-04,EUR,BRL,2.3205
2010-08-05,EUR,BRL,2.3107
2010-08-06,EUR,BRL,2.3149
2010-08-07,EUR,BRL,2.3152
2010-08-09,EUR,BRL,2.3249
2010-08-10,EUR,BRL,2.3146
2010-08-11,EUR,BRL,2.3016
2010-08-12,EUR,BRL,2.2882
2010-08-13,EUR,BRL,2.2791
2010-08-14,EUR,BRL,2.28
2010-08-16,EUR,BRL,2.2714
2010-08-17,EUR,BRL,2.2602
2010-08-18,EUR,BRL,2.2595
2010-08-19,EUR,BRL,2.2562
2010-08-20,EUR,BRL,2.2527
2010-08-21,EUR,BRL,2.2516
2010-08-23,EUR,BRL,2.2377
2010-08-24,EUR,BRL,2.2384
2010-08-25,EUR,BRL,2.2406
2010-08-26,EUR,BRL,2.2385
2010-08-27,EUR,BRL,2.2404
2010-08-28,EUR,BRL,2.2409
2010-08-30,EUR,BRL,2.2344
2010-08-31,EUR,BRL,2.233
2010-09-01,EUR,BRL,2.2331
2010-09-02,EUR,BRL,2.233
2010-09-03,EUR,BRL,2.2211
2010-09-04,EUR,BRL,2.2206
2010-09-06,EUR,BRL,2.2299
2010-09-07,EUR,BRL,2.2156
2010-09-08,EUR,BRL,2.2
2010-09-09,EUR,BRL,2.198
2010-09-10,EUR,BRL,2.1943
2010-09-13,EUR,BRL,2.2006
2010-09-14,EUR,BRL,2.2042
2010-09-15,EUR,BRL,2.2194
2010-09-16,EUR,BRL,2.2394
2010-09-17,EUR,BRL,2.2446
2010-09-18,EUR,BRL,2.2454
2010-09-20,EUR,BRL,2.2509
2010-09-21,EUR,BRL,2.2642
2010-09-22,EUR,BRL,2.2755
2010-09-23,EUR,BRL,2.2929
2010-09-24,EUR,BRL,2.2951
2010-09-25,EUR,BRL,2.2969
2010-09-27,EUR,BRL,2.303
2010-09-28,EUR,BRL,2.3046
2010-09-29,EUR,BRL,2.3175
2010-09-30,EUR,BRL,2.3174
2010-10-01,EUR,BRL,2.3055
2010-10-02,EUR,BRL,2.3071
2010-10-04,EUR,BRL,2.3137
2010-10-05,EUR,BRL,2.3208
2010-10-06,EUR,BRL,2.3154
2010-10-07,EUR,BRL,2.3334
2010-10-08,EUR,BRL,2.3378
2010-10-09,EUR,BRL,2.3377
2010-10-11,EUR,BRL,2.3287
2010-10-12,EUR,BRL,2.3175
2010-10-13,EUR,BRL,2.3228
2010-10-14,EUR,BRL,2.326
2010-10-15,EUR,BRL,2.3346
2010-10-16,EUR,BRL,2.3348
2010-10-18,EUR,BRL,2.3258
2010-10-19,EUR,BRL,2.3323
2010-10-20,EUR,BRL,2.3273
2010-10-21,EUR,BRL,2.3439
2010-10-22,EUR,BRL,2.3606
2010-10-23,EUR,BRL,2.3606
2010-10-25,EUR,BRL,2.3801
2010-10-26,EUR,BRL,2.3717
2010-10-27,EUR,BRL,2.3608
2010-10-28,EUR,BRL,2.3706
2010-10-29,EUR,BRL,2.3659
2010-10-30,EUR,BRL,2.3664
2010-11-01,EUR,BRL,2.3723
2010-11-02,EUR,BRL,2.3781
2010-11-03,EUR,BRL,2.3855
2010-11-04,EUR,BRL,2.3903
2010-11-05,EUR,BRL,2.3772
2010-11-06,EUR,BRL,2.3764
2010-11-08,EUR,BRL,2.3643
2010-11-09,EUR,BRL,2.3615
2010-11-10,EUR,BRL,2.3533
2010-11-11,EUR,BRL,2.3533
2010-11-12,EUR,BRL,2.3528
2010-11-13,EUR,BRL,2.3521
2010-11-15,EUR,BRL,2.3541
2010-11-16,EUR,BRL,2.3481
2010-11-17,EUR,BRL,2.3475
2010-11-18,EUR,BRL,2.3403
2010-11-19,EUR,BRL,2.3426
2010-11-20,EUR,BRL,2.3425
2010-11-22,EUR,BRL,2.352
2010-11-23,EUR,BRL,2.3459
2010-11-24,EUR,BRL,2.3231
2010-11-25,EUR,BRL,2.303
2010-11-26,EUR,BRL,2.2992
2010-11-27,EUR,BRL,2.2975
2010-11-29,EUR,BRL,2.2868
2010-11-30,EUR,BRL,2.259
2010-12-01,EUR,BRL,2.2408
2010-12-02,EUR,BRL,2.2438
2010-12-03,EUR,BRL,2.2488
2010-12-04,EUR,BRL,2.2494
2010-12-06,EUR,BRL,2.2469
2010-12-07,EUR,BRL,2.2398
2010-12-08,EUR,BRL,2.2353
2010-12-09,EUR,BRL,2.2457
2010-12-10,EUR,BRL,2.2616
2010-12-11,EUR,BRL,2.2618
2010-12-13,EUR,BRL,2.2624
2010-12-14,EUR,BRL,2.2734
2010-12-15,EUR,BRL,2.271
2010-12-16,EUR,BRL,2.2622
2010-12-17,EUR,BRL,2.2666
2010-12-18,EUR,BRL,2.2666
2010-12-20,EUR,BRL,2.26
2010-12-21,EUR,BRL,2.2461
2010-12-22,EUR,BRL,2.2346
2010-12-23,EUR,BRL,2.2333
2010-12-24,EUR,BRL,2.2304
2010-12-25,EUR,BRL,2.2298
2010-12-27,EUR,BRL,2.2259
2010-12-28,EUR,BRL,2.2315
2010-12-29,EUR,BRL,2.2218
2010-12-30,EUR,BRL,2.2209
2010-12-31,EUR,BRL,2.2235
2011-01-01,EUR,BRL,2.224
2011-01-03,EUR,BRL,2.2139
2011-01-04,EUR,BRL,2.2128
2011-01-05,EUR,BRL,2.2102
2011-01-06,EUR,BRL,2.2064
2011-01-07,EUR,BRL,2.2007
2011-01-10,EUR,BRL,2.1852
2011-01-11,EUR,BRL,2.1877
2011-01-12,EUR,BRL,2.1875
2011-01-13,EUR,BRL,2.1971
2011-01-14,EUR,BRL,2.2301
2011-01-15,EUR,BRL,2.2319
2011-01-17,EUR,BRL,2.2403
2011-01-18,EUR,BRL,2.2371
2011-01-19,EUR,BRL,2.2482
2011-01-20,EUR,BRL,2.2491
2011-01-21,EUR,BRL,2.255
2011-01-22,EUR,BRL,2.2565
2011-01-24,EUR,BRL,2.2721
2011-01-25,EUR,BRL,2.2768
2011-01-26,EUR,BRL,2.2831
2011-01-27,EUR,BRL,2.2847
2011-01-28,EUR,BRL,2.2933
2011-01-29,EUR,BRL,2.2937
2011-01-31,EUR,BRL,2.2919
2011-02-01,EUR,BRL,2.2892
2011-02-02,EUR,BRL,2.298
2011-02-03,EUR,BRL,2.2982
2011-02-04,EUR,BRL,2.2848
2011-02-05,EUR,BRL,2.2822
2011-02-07,EUR,BRL,2.2766
2011-02-08,EUR,BRL,2.2818
2011-02-09,EUR,BRL,2.2756
2011-02-10,EUR,BRL,2.2813
2011-02-11,EUR,BRL,2.2662
2011-02-12,EUR,BRL,2.2656
2011-02-14,EUR,BRL,2.2517
2011-02-15,EUR,BRL,2.2527
2011-02-16,EUR,BRL,2.2581
2011-02-17,EUR,BRL,2.2639
2011-02-18,EUR,BRL,2.2669
2011-02-19,EUR,BRL,2.268
2011-02-21,EUR,BRL,2.2777
2011-02-22,EUR,BRL,2.2741
2011-02-23,EUR,BRL,2.2863
2011-02-24,EUR,BRL,2.2953
2011-02-25,EUR,BRL,2.2919
2011-02-26,EUR,BRL,2.2925
2011-02-28,EUR,BRL,2.2906
2011-03-01,EUR,BRL,2.2946
2011-03-02,EUR,BRL,2.2932
2011-03-03,EUR,BRL,2.2971
2011-03-04,EUR,BRL,2.298
2011-03-05,EUR,BRL,2.2993
2011-03-07,EUR,BRL,2.3086
2011-03-08,EUR,BRL,2.3057
2011-03-09,EUR,BRL,2.3006
2011-03-10,EUR,BRL,2.2959
2011-03-11,EUR,BRL,2.2945
2011-03-12,EUR,BRL,2.2943
2011-03-14,EUR,BRL,2.311
2011-03-15,EUR,BRL,2.3171
2011-03-16,EUR,BRL,2.3192
2011-03-17,EUR,BRL,2.332
2011-03-18,EUR,BRL,2.3474
2011-03-19,EUR,BRL,2.3499
2011-03-21,EUR,BRL,2.3595
2011-03-22,EUR,BRL,2.3654
2011-03-23,EUR,BRL,2.3534
2011-03-24,EUR,BRL,2.3418
2011-03-25,EUR,BRL,2.344
2011-03-26,EUR,BRL,2.3442
2011-03-28,EUR,BRL,2.335
2011-03-29,EUR,BRL,2.3383
2011-03-30,EUR,BRL,2.3205
2011-03-31,EUR,BRL,2.311
2011-04-01,EUR,BRL,2.3071
2011-04-02,EUR,BRL,2.3067
2011-04-04,EUR,BRL,2.2973
2011-04-05,EUR,BRL,2.2887
2011-04-06,EUR,BRL,2.2952
2011-04-07,EUR,BRL,2.2973
2011-04-08,EUR,BRL,2.2786
2011-04-09,EUR,BRL,2.2799
2011-04-11,EUR,BRL,2.274
2011-04-12,EUR,BRL,2.2878
2011-04-13,EUR,BRL,2.3033
2011-04-14,EUR,BRL,2.2972
2011-04-15,EUR,BRL,2.282
2011-04-16,EUR,BRL,2.2823
2011-04-18,EUR,BRL,2.2697
2011-04-19,EUR,BRL,2.2677
2011-04-20,EUR,BRL,2.2681
2011-04-21,EUR,BRL,2.2826
2011-04-22,EUR,BRL,2.2822
2011-04-23,EUR,BRL,2.2819
2011-04-25,EUR,BRL,2.2823
2011-04-26,EUR,BRL,2.2844
2011-04-27,EUR,BRL,2.2914
2011-04-28,EUR,BRL,2.3208
2011-04-29,EUR,BRL,2.3411
2011-04-30,EUR,BRL,2.3422
2011-05-02,EUR,BRL,2.3345
2011-05-03,EUR,BRL,2.3452
2011-05-04,EUR,BRL,2.3564
2011-05-05,EUR,BRL,2.3828
2011-05-06,EUR,BRL,2.3569
2011-05-09,EUR,BRL,2.3301
2011-05-10,EUR,BRL,2.3193
2011-05-11,EUR,BRL,2.312
2011-05-12,EUR,BRL,2.3073
2011-05-13,EUR,BRL,2.3094
2011-05-14,EUR,BRL,2.3097
2011-05-16,EUR,BRL,2.3078
2011-05-17,EUR,BRL,2.3067
2011-05-18,EUR,BRL,2.3042
2011-05-19,EUR,BRL,2.2944
2011-05-20,EUR,BRL,2.3037
2011-05-21,EUR,BRL,2.3038
2011-05-23,EUR,BRL,2.289
2011-05-24,EUR,BRL,2.2905
2011-05-25,EUR,BRL,2.2876
2011-05-26,EUR,BRL,2.2958
2011-05-27,EUR,BRL,2.2898
2011-05-28,EUR,BRL,2.2905
2011-05-30,EUR,BRL,2.2806
2011-05-31,EUR,BRL,2.2778
2011-06-01,EUR,BRL,2.2787
2011-06-02,EUR,BRL,2.2853
2011-06-03,EUR,BRL,2.2845
2011-06-04,EUR,BRL,2.2853
2011-06-06,EUR,BRL,2.2989
2011-06-07,EUR,BRL,2.3096
2011-06-08,EUR,BRL,2.3146
2011-06-09,EUR,BRL,2.308
2011-06-10,EUR,BRL,2.2997
2011-06-11,EUR,BRL,2.2981
2011-06-13,EUR,BRL,2.2902
2011-06-14,EUR,BRL,2.2861
2011-06-15,EUR,BRL,2.2804
2011-06-16,EUR,BRL,2.2722
2011-06-17,EUR,BRL,2.2744
2011-06-18,EUR,BRL,2.2755
2011-06-20,EUR,BRL,2.2792
2011-06-21,EUR,BRL,2.2834
2011-06-22,EUR,BRL,2.2838
2011-06-23,EUR,BRL,2.2733
2011-06-24,EUR,BRL,2.269
2011-06-25,EUR,BRL,2.2683
2011-06-27,EUR,BRL,2.27
2011-06-28,EUR,BRL,2.2743
2011-06-29,EUR,BRL,2.2676
2011-06-30,EUR,BRL,2.2663
2011-07-01,EUR,BRL,2.2633
2011-07-02,EUR,BRL,2.2638
2011-07-04,EUR,BRL,2.263
2011-07-05,EUR,BRL,2.2581
2011-07-06,EUR,BRL,2.255
2011-07-07,EUR,BRL,2.2444
2011-07-08,EUR,BRL,2.2333
2011-07-09,EUR,BRL,2.2321
2011-07-11,EUR,BRL,2.2254
2011-07-12,EUR,BRL,2.2111
2011-07-13,EUR,BRL,2.2153
2011-07-14,EUR,BRL,2.2321
2011-07-15,EUR,BRL,2.2327
2011-07-16,EUR,BRL,2.2323
2011-07-18,EUR,BRL,2.2233
2011-07-19,EUR,BRL,2.2238
2011-07-20,EUR,BRL,2.2206
2011-07-21,EUR,BRL,2.2241
2011-07-22,EUR,BRL,2.2318
2011-07-23,EUR,BRL,2.2337
2011-07-25,EUR,BRL,2.2322
2011-07-26,EUR,BRL,2.2266
2011-07-27,EUR,BRL,2.2381
2011-07-28,EUR,BRL,2.2387
2011-07-29,EUR,BRL,2.238
2011-07-30,EUR,BRL,2.2381
2011-08-01,EUR,BRL,2.231
2011-08-02,EUR,BRL,2.2307
2011-08-03,EUR,BRL,2.2301
2011-08-04,EUR,BRL,2.2354
2011-08-05,EUR,BRL,2.2445
2011-08-06,EUR,BRL,2.2431
2011-08-08,EUR,BRL,2.2637
2011-08-09,EUR,BRL,2.2932
2011-08-10,EUR,BRL,2.2928
2011-08-11,EUR,BRL,2.3017
2011-08-12,EUR,BRL,2.2997
2011-08-13,EUR,BRL,2.3011
2011-08-15,EUR,BRL,2.2966
2011-08-16,EUR,BRL,2.296
2011-08-17,EUR,BRL,2.2875
2011-08-18,EUR,BRL,2.2925
2011-08-19,EUR,BRL,2.2917
2011-08-20,EUR,BRL,2.2915
2011-08-22,EUR,BRL,2.2962
2011-08-23,EUR,BRL,2.3074
2011-08-24,EUR,BRL,2.3076
2011-08-25,EUR,BRL,2.318
2011-08-26,EUR,BRL,2.3172
2011-08-27,EUR,BRL,2.3174
2011-08-29,EUR,BRL,2.318
2011-08-30,EUR,BRL,2.3061
2011-08-31,EUR,BRL,2.3034
2011-09-01,EUR,BRL,2.2935
2011-09-02,EUR,BRL,2.3086
2011-09-03,EUR,BRL,2.3071
2011-09-05,EUR,BRL,2.3194
2011-09-06,EUR,BRL,2.3222
2011-09-07,EUR,BRL,2.3242
2011-09-08,EUR,BRL,2.3226
2011-09-09,EUR,BRL,2.312
2011-09-10,EUR,BRL,2.3095
2011-09-12,EUR,BRL,2.2948
2011-09-13,EUR,BRL,2.3225
2011-09-14,EUR,BRL,2.3412
2011-09-15,EUR,BRL,2.3574
2011-09-16,EUR,BRL,2.3631
2011-09-17,EUR,BRL,2.3639
2011-09-19,EUR,BRL,2.3771
2011-09-20,EUR,BRL,2.4282
2011-09-21,EUR,BRL,2.4582
2011-09-22,EUR,BRL,2.488
2011-09-23,EUR,BRL,2.5537
2011-09-24,EUR,BRL,2.5536
2011-09-26,EUR,BRL,2.4925
2011-09-27,EUR,BRL,2.4716
2011-09-28,EUR,BRL,2.4585
2011-09-29,EUR,BRL,2.4958
2011-09-30,EUR,BRL,2.5074
2011-10-01,EUR,BRL,2.5049
2011-10-03,EUR,BRL,2.511
2011-10-04,EUR,BRL,2.4996
2011-10-05,EUR,BRL,2.4747
2011-10-06,EUR,BRL,2.4463
2011-10-07,EUR,BRL,2.4082
2011-10-08,EUR,BRL,2.4078
2011-10-10,EUR,BRL,2.3954
2011-10-11,EUR,BRL,2.4059
2011-10-12,EUR,BRL,2.4244
2011-10-13,EUR,BRL,2.432
2011-10-14,EUR,BRL,2.412
2011-10-15,EUR,BRL,2.413
2011-10-17,EUR,BRL,2.4124
2011-10-18,EUR,BRL,2.427
2011-10-19,EUR,BRL,2.4264
2011-10-20,EUR,BRL,2.4404
2011-10-21,EUR,BRL,2.4544
2011-10-22,EUR,BRL,2.4542
2011-10-24,EUR,BRL,2.4583
2011-10-25,EUR,BRL,2.4437
2011-10-26,EUR,BRL,2.4546
2011-10-27,EUR,BRL,2.4454
2011-10-28,EUR,BRL,2.4252
2011-10-29,EUR,BRL,2.4261
2011-10-31,EUR,BRL,2.3872
2011-11-01,EUR,BRL,2.3892
2011-11-02,EUR,BRL,2.3916
2011-11-03,EUR,BRL,2.3859
2011-11-04,EUR,BRL,2.3984
2011-11-05,EUR,BRL,2.3989
2011-11-07,EUR,BRL,2.4035
2011-11-08,EUR,BRL,2.4021
2011-11-09,EUR,BRL,2.397
2011-11-10,EUR,BRL,2.3992
2011-11-11,EUR,BRL,2.3989
2011-11-12,EUR,BRL,2.3997
2011-11-14,EUR,BRL,2.4022
2011-11-15,EUR,BRL,2.3996
2011-11-16,EUR,BRL,2.3928
2011-11-17,EUR,BRL,2.3909
2011-11-18,EUR,BRL,2.3977
2011-11-19,EUR,BRL,2.3982
2011-11-21,EUR,BRL,2.4159
2011-11-22,EUR,BRL,2.4309
2011-11-23,EUR,BRL,2.4539
2011-11-24,EUR,BRL,2.4849
2011-11-25,EUR,BRL,2.5135
2011-11-26,EUR,BRL,2.5122
2011-11-28,EUR,BRL,2.4944
2011-11-29,EUR,BRL,2.4795
2011-11-30,EUR,BRL,2.4481
2011-12-01,EUR,BRL,2.4371
2011-12-02,EUR,BRL,2.4273
2011-12-03,EUR,BRL,2.4272
2011-12-05,EUR,BRL,2.4087
2011-12-06,EUR,BRL,2.4017
2011-12-07,EUR,BRL,2.4069
2011-12-08,EUR,BRL,2.4113
2011-12-09,EUR,BRL,2.4234
2011-12-10,EUR,BRL,2.4237
2011-12-12,EUR,BRL,2.416
2011-12-13,EUR,BRL,2.43
2011-12-14,EUR,BRL,2.4345
2011-12-15,EUR,BRL,2.4331
2011-12-16,EUR,BRL,2.4241
2011-12-17,EUR,BRL,2.4244
2011-12-19,EUR,BRL,2.4224
2011-12-20,EUR,BRL,2.4277
2011-12-21,EUR,BRL,2.4243
2011-12-22,EUR,BRL,2.4252
2011-12-23,EUR,BRL,2.426
2011-12-24,EUR,BRL,2.4259
2011-12-26,EUR,BRL,2.4256
2011-12-27,EUR,BRL,2.4269
2011-12-28,EUR,BRL,2.4314
2011-12-29,EUR,BRL,2.4229
2011-12-30,EUR,BRL,2.4182
2011-12-31,EUR,BRL,2.4175
2012-01-02,EUR,BRL,2.4168
2012-01-03,EUR,BRL,2.4135
2012-01-04,EUR,BRL,2.3898
2012-01-05,EUR,BRL,2.3732
2012-01-06,EUR,BRL,2.3641
2012-01-09,EUR,BRL,2.3605
2012-01-10,EUR,BRL,2.3329
2012-01-11,EUR,BRL,2.3101
2012-01-12,EUR,BRL,2.2976
2012-01-13,EUR,BRL,2.2908
2012-01-14,EUR,BRL,2.2897
2012-01-16,EUR,BRL,2.2723
2012-01-17,EUR,BRL,2.273
2012-01-18,EUR,BRL,2.282
2012-01-19,EUR,BRL,2.2775
2012-01-20,EUR,BRL,2.282
2012-01-21,EUR,BRL,2.2825
2012-01-23,EUR,BRL,2.2754
2012-01-24,EUR,BRL,2.2832
2012-01-25,EUR,BRL,2.2852
2012-01-26,EUR,BRL,2.2915
2012-01-27,EUR,BRL,2.2906
2012-01-28,EUR,BRL,2.2917
2012-01-30,EUR,BRL,2.2935
2012-01-31,EUR,BRL,2.2949
2012-02-01,EUR,BRL,2.2899
2012-02-02,EUR,BRL,2.279
2012-02-03,EUR,BRL,2.2657
2012-02-04,EUR,BRL,2.2657
2012-02-06,EUR,BRL,2.2571
2012-02-07,EUR,BRL,2.2628
2012-02-08,EUR,BRL,2.2809
2012-02-09,EUR,BRL,2.2852
2012-02-10,EUR,BRL,2.2831
2012-02-11,EUR,BRL,2.2823
2012-02-13,EUR,BRL,2.2789
2012-02-14,EUR,BRL,2.2678
2012-02-15,EUR,BRL,2.2629
2012-02-16,EUR,BRL,2.2567
2012-02-17,EUR,BRL,2.2544
2012-02-18,EUR,BRL,2.2559
2012-02-20,EUR,BRL,2.2657
2012-02-21,EUR,BRL,2.2714
2012-02-22,EUR,BRL,2.2723
2012-02-23,EUR,BRL,2.2666
2012-02-24,EUR,BRL,2.2842
2012-02-25,EUR,BRL,2.2859
2012-02-27,EUR,BRL,2.2935
2012-02-28,EUR,BRL,2.2895
2012-02-29,EUR,BRL,2.2904
2012-03-01,EUR,BRL,2.2894
2012-03-02,EUR,BRL,2.2817
2012-03-03,EUR,BRL,2.2802
2012-03-04,EUR,BRL,2.2798
2012-03-05,EUR,BRL,2.283
2012-03-06,EUR,BRL,2.2954
2012-03-07,EUR,BRL,2.3076
2012-03-08,EUR,BRL,2.3199
2012-03-09,EUR,BRL,2.3277
2012-03-10,EUR,BRL,2.3287
2012-03-12,EUR,BRL,2.3497
2012-03-13,EUR,BRL,2.3627
2012-03-14,EUR,BRL,2.3513
2012-03-15,EUR,BRL,2.3533
2012-03-16,EUR,BRL,2.3553
2012-03-17,EUR,BRL,2.3558
2012-03-19,EUR,BRL,2.372
2012-03-20,EUR,BRL,2.3964
2012-03-21,EUR,BRL,2.4065
2012-03-22,EUR,BRL,2.4025
2012-03-23,EUR,BRL,2.4047
2012-03-24,EUR,BRL,2.406
2012-03-26,EUR,BRL,2.4068
2012-03-27,EUR,BRL,2.4192
2012-03-28,EUR,BRL,2.4275
2012-03-29,EUR,BRL,2.4313
2012-03-30,EUR,BRL,2.4309
2012-03-31,EUR,BRL,2.4318
2012-04-02,EUR,BRL,2.4355
2012-04-03,EUR,BRL,2.4387
2012-04-04,EUR,BRL,2.4203
2012-04-05,EUR,BRL,2.4059
2012-04-06,EUR,BRL,2.4006
2012-04-07,EUR,BRL,2.399
2012-04-09,EUR,BRL,2.3938
2012-04-10,EUR,BRL,2.3887
2012-04-11,EUR,BRL,2.4011
2012-04-12,EUR,BRL,2.4081
2012-04-13,EUR,BRL,2.4086
2012-04-14,EUR,BRL,2.4079
2012-04-16,EUR,BRL,2.4023
2012-04-17,EUR,BRL,2.4198
2012-04-18,EUR,BRL,2.4378
2012-04-19,EUR,BRL,2.4566
2012-04-20,EUR,BRL,2.4656
2012-04-21,EUR,BRL,2.4674
2012-04-23,EUR,BRL,2.4688
2012-04-24,EUR,BRL,2.4709
2012-04-25,EUR,BRL,2.4762
2012-04-26,EUR,BRL,2.484
2012-04-27,EUR,BRL,2.4904
2012-04-28,EUR,BRL,2.4906
2012-04-30,EUR,BRL,2.4942
2012-05-01,EUR,BRL,2.5
2012-05-02,EUR,BRL,2.5141
2012-05-03,EUR,BRL,2.5261
2012-05-04,EUR,BRL,2.5168
2012-05-05,EUR,BRL,2.5166
2012-05-07,EUR,BRL,2.5119
2012-05-08,EUR,BRL,2.5093
2012-05-09,EUR,BRL,2.5231
2012-05-10,EUR,BRL,2.5379
2012-05-11,EUR,BRL,2.5282
2012-05-12,EUR,BRL,2.527
2012-05-14,EUR,BRL,2.537
2012-05-15,EUR,BRL,2.5463
2012-05-16,EUR,BRL,2.545
2012-05-17,EUR,BRL,2.5425
2012-05-18,EUR,BRL,2.5472
2012-05-19,EUR,BRL,2.5475
2012-05-21,EUR,BRL,2.5771
2012-05-22,EUR,BRL,2.6025
2012-05-23,EUR,BRL,2.626
2012-05-24,EUR,BRL,2.5768
2012-05-25,EUR,BRL,2.5474
2012-05-26,EUR,BRL,2.5464
2012-05-28,EUR,BRL,2.5161
2012-05-29,EUR,BRL,2.4928
2012-05-30,EUR,BRL,2.4985
2012-05-31,EUR,BRL,2.5027
2012-06-01,EUR,BRL,2.5066
2012-06-02,EUR,BRL,2.5055
2012-06-04,EUR,BRL,2.5275
2012-06-05,EUR,BRL,2.5457
2012-06-06,EUR,BRL,2.5313
2012-06-07,EUR,BRL,2.5436
2012-06-08,EUR,BRL,2.5413
2012-06-09,EUR,BRL,2.5399
2012-06-11,EUR,BRL,2.5453
2012-06-12,EUR,BRL,2.5645
2012-06-13,EUR,BRL,2.5762
2012-06-14,EUR,BRL,2.5923
2012-06-15,EUR,BRL,2.5906
2012-06-16,EUR,BRL,2.5917
2012-06-18,EUR,BRL,2.5933
2012-06-19,EUR,BRL,2.5901
2012-06-20,EUR,BRL,2.5757
2012-06-21,EUR,BRL,2.5733
2012-06-22,EUR,BRL,2.5804
2012-06-23,EUR,BRL,2.5789
2012-06-25,EUR,BRL,2.5858
2012-06-26,EUR,BRL,2.583
2012-06-27,EUR,BRL,2.5881
2012-06-28,EUR,BRL,2.5916
2012-06-29,EUR,BRL,2.5851
2012-06-30,EUR,BRL,2.5859
2012-07-02,EUR,BRL,2.5537
2012-07-03,EUR,BRL,2.5238
2012-07-04,EUR,BRL,2.537
2012-07-05,EUR,BRL,2.539
2012-07-06,EUR,BRL,2.5211
2012-07-07,EUR,BRL,2.5179
2012-07-09,EUR,BRL,2.5045
2012-07-10,EUR,BRL,2.506
2012-07-11,EUR,BRL,2.502
2012-07-12,EUR,BRL,2.4994
2012-07-13,EUR,BRL,2.4936
2012-07-14,EUR,BRL,2.4931
2012-07-16,EUR,BRL,2.4963
2012-07-17,EUR,BRL,2.4999
2012-07-18,EUR,BRL,2.4905
2012-07-19,EUR,BRL,2.4873
2012-07-20,EUR,BRL,2.4783
2012-07-21,EUR,BRL,2.4766
2012-07-23,EUR,BRL,2.4657
2012-07-24,EUR,BRL,2.4729
2012-07-25,EUR,BRL,2.4746
2012-07-26,EUR,BRL,2.4773
2012-07-27,EUR,BRL,2.4835
2012-07-28,EUR,BRL,2.4849
2012-07-30,EUR,BRL,2.4901
2012-07-31,EUR,BRL,2.5044
2012-08-01,EUR,BRL,2.5181
2012-08-02,EUR,BRL,2.5081
2012-08-03,EUR,BRL,2.4997
2012-08-04,EUR,BRL,2.4998
2012-08-06,EUR,BRL,2.5098
2012-08-07,EUR,BRL,2.517
2012-08-08,EUR,BRL,2.5131
2012-08-09,EUR,BRL,2.4991
2012-08-10,EUR,BRL,2.4839
2012-08-11,EUR,BRL,2.4826
2012-08-13,EUR,BRL,2.4855
2012-08-14,EUR,BRL,2.4973
2012-08-15,EUR,BRL,2.4951
2012-08-16,EUR,BRL,2.4877
2012-08-17,EUR,BRL,2.4915
2012-08-18,EUR,BRL,2.4923
2012-08-20,EUR,BRL,2.4894
2012-08-21,EUR,BRL,2.4969
2012-08-22,EUR,BRL,2.5111
2012-08-23,EUR,BRL,2.5263
2012-08-24,EUR,BRL,2.5363
2012-08-25,EUR,BRL,2.5361
2012-08-27,EUR,BRL,2.5369
2012-08-28,EUR,BRL,2.5472
2012-08-29,EUR,BRL,2.5638
2012-08-30,EUR,BRL,2.5665
2012-08-31,EUR,BRL,2.5644
2012-09-03,EUR,BRL,2.5589
2012-09-04,EUR,BRL,2.5621
2012-09-05,EUR,BRL,2.5645
2012-09-06,EUR,BRL,2.5698
2012-09-07,EUR,BRL,2.5718
2012-09-08,EUR,BRL,2.5723
2012-09-10,EUR,BRL,2.5869
2012-09-11,EUR,BRL,2.586
2012-09-12,EUR,BRL,2.5954
2012-09-13,EUR,BRL,2.6111
2012-09-14,EUR,BRL,2.6265
2012-09-15,EUR,BRL,2.6293
2012-09-17,EUR,BRL,2.641
2012-09-18,EUR,BRL,2.6528
2012-09-19,EUR,BRL,2.6413
2012-09-20,EUR,BRL,2.6314
2012-09-21,EUR,BRL,2.6299
2012-09-22,EUR,BRL,2.6302
2012-09-24,EUR,BRL,2.6259
2012-09-25,EUR,BRL,2.6213
2012-09-26,EUR,BRL,2.6197
2012-09-27,EUR,BRL,2.6199
2012-09-28,EUR,BRL,2.6232
2012-09-29,EUR,BRL,2.6234
2012-10-01,EUR,BRL,2.6156
2012-10-02,EUR,BRL,2.6172
2012-10-03,EUR,BRL,2.6183
2012-10-04,EUR,BRL,2.6176
2012-10-05,EUR,BRL,2.6272
2012-10-06,EUR,BRL,2.6281
2012-10-08,EUR,BRL,2.6357
2012-10-09,EUR,BRL,2.6301
2012-10-10,EUR,BRL,2.6227
2012-10-11,EUR,BRL,2.6271
2012-10-12,EUR,BRL,2.6394
2012-10-13,EUR,BRL,2.6411
2012-10-15,EUR,BRL,2.641
2012-10-16,EUR,BRL,2.6436
2012-10-17,EUR,BRL,2.6573
2012-10-18,EUR,BRL,2.6587
2012-10-19,EUR,BRL,2.6492
2012-10-20,EUR,BRL,2.6488
2012-10-22,EUR,BRL,2.6445
2012-10-23,EUR,BRL,2.6418
2012-10-24,EUR,BRL,2.6312
2012-10-25,EUR,BRL,2.6305
2012-10-26,EUR,BRL,2.6248
2012-10-29,EUR,BRL,2.6207
2012-10-30,EUR,BRL,2.6269
2012-10-31,EUR,BRL,2.6338
2012-11-01,EUR,BRL,2.6334
2012-11-02,EUR,BRL,2.624
2012-11-03,EUR,BRL,2.6229
2012-11-05,EUR,BRL,2.6068
2012-11-06,EUR,BRL,2.6028
2012-11-07,EUR,BRL,2.604
2012-11-08,EUR,BRL,2.5964
2012-11-09,EUR,BRL,2.6043
2012-11-10,EUR,BRL,2.6037
2012-11-12,EUR,BRL,2.6058
2012-11-13,EUR,BRL,2.6116
2012-11-14,EUR,BRL,2.6213
2012-11-15,EUR,BRL,2.6321
2012-11-16,EUR,BRL,2.637
2012-11-17,EUR,BRL,2.6367
2012-11-19,EUR,BRL,2.6502
2012-11-20,EUR,BRL,2.6578
2012-11-21,EUR,BRL,2.6652
2012-11-22,EUR,BRL,2.682
2012-11-23,EUR,BRL,2.7002
2012-11-24,EUR,BRL,2.7017
2012-11-26,EUR,BRL,2.6986
2012-11-27,EUR,BRL,2.6956
2012-11-28,EUR,BRL,2.6935
2012-11-29,EUR,BRL,2.7088
2012-11-30,EUR,BRL,2.7264
2012-12-01,EUR,BRL,2.7267
2012-12-03,EUR,BRL,2.7542
2012-12-04,EUR,BRL,2.759
2012-12-05,EUR,BRL,2.7598
2012-12-06,EUR,BRL,2.7294
2012-12-07,EUR,BRL,2.7003
2012-12-08,EUR,BRL,2.6983
2012-12-10,EUR,BRL,2.6859
2012-12-11,EUR,BRL,2.6911
2012-12-12,EUR,BRL,2.7029
2012-12-13,EUR,BRL,2.7103
2012-12-14,EUR,BRL,2.7227
2012-12-15,EUR,BRL,2.7234
2012-12-17,EUR,BRL,2.7421
2012-12-18,EUR,BRL,2.7544
2012-12-19,EUR,BRL,2.7588
2012-12-20,EUR,BRL,2.7421
2012-12-21,EUR,BRL,2.7366
2012-12-22,EUR,BRL,2.7365
2012-12-24,EUR,BRL,2.7392
2012-12-25,EUR,BRL,2.741
2012-12-26,EUR,BRL,2.7364
2012-12-27,EUR,BRL,2.7208
2012-12-28,EUR,BRL,2.7065
2012-12-29,EUR,BRL,2.7055
2012-12-30,EUR,BRL,2.7054
2012-12-31,EUR,BRL,2.7036
2013-01-01,EUR,BRL,2.7022
2013-01-02,EUR,BRL,2.7066
2013-01-03,EUR,BRL,2.6922
2013-01-04,EUR,BRL,2.6727
2013-01-07,EUR,BRL,2.6572
2013-01-08,EUR,BRL,2.6605
2013-01-09,EUR,BRL,2.6649
2013-01-10,EUR,BRL,2.6688
2013-01-11,EUR,BRL,2.6887
2013-01-12,EUR,BRL,2.691
2013-01-14,EUR,BRL,2.7097
2013-01-15,EUR,BRL,2.7149
2013-01-16,EUR,BRL,2.7087
2013-01-17,EUR,BRL,2.716
2013-01-18,EUR,BRL,2.723
2013-01-19,EUR,BRL,2.7235
2013-01-21,EUR,BRL,2.7189
2013-01-22,EUR,BRL,2.724
2013-01-23,EUR,BRL,2.7205
2013-01-24,EUR,BRL,2.7149
2013-01-25,EUR,BRL,2.7213
2013-01-26,EUR,BRL,2.7223
2013-01-28,EUR,BRL,2.7265
2013-01-29,EUR,BRL,2.6974
2013-01-30,EUR,BRL,2.6895
2013-01-31,EUR,BRL,2.6964
2013-02-01,EUR,BRL,2.7035
2013-02-02,EUR,BRL,2.7042
2013-02-04,EUR,BRL,2.7052
2013-02-05,EUR,BRL,2.6933
2013-02-06,EUR,BRL,2.691
2013-02-07,EUR,BRL,2.6846
2013-02-08,EUR,BRL,2.6496
2013-02-09,EUR,BRL,2.6472
2013-02-11,EUR,BRL,2.637
2013-02-12,EUR,BRL,2.6424
2013-02-13,EUR,BRL,2.6499
2013-02-14,EUR,BRL,2.6366
2013-02-15,EUR,BRL,2.6198
2013-02-16,EUR,BRL,2.6186
2013-02-18,EUR,BRL,2.6241
2013-02-19,EUR,BRL,2.622
2013-02-20,EUR,BRL,2.622
2013-02-21,EUR,BRL,2.6086
2013-02-22,EUR,BRL,2.6022
2013-02-23,EUR,BRL,2.6023
2013-02-25,EUR,BRL,2.6072
2013-02-26,EUR,BRL,2.5995
2013-02-27,EUR,BRL,2.5941
2013-02-28,EUR,BRL,2.5948
2013-03-01,EUR,BRL,2.5883
2013-03-02,EUR,BRL,2.5869
2013-03-04,EUR,BRL,2.5806
2013-03-05,EUR,BRL,2.5738
2013-03-06,EUR,BRL,2.5682
2013-03-07,EUR,BRL,2.5644
2013-03-08,EUR,BRL,2.5628
2013-03-11,EUR,BRL,2.5451
2013-03-12,EUR,BRL,2.549
2013-03-13,EUR,BRL,2.5564
2013-03-14,EUR,BRL,2.5538
2013-03-15,EUR,BRL,2.567
2013-03-16,EUR,BRL,2.5683
2013-03-18,EUR,BRL,2.5703
2013-03-19,EUR,BRL,2.5678
2013-03-20,EUR,BRL,2.5653
2013-03-21,EUR,BRL,2.5729
2013-03-22,EUR,BRL,2.5913
2013-03-23,EUR,BRL,2.5924
2013-03-25,EUR,BRL,2.6042
2013-03-26,EUR,BRL,2.5913
2013-03-27,EUR,BRL,2.5856
2013-03-28,EUR,BRL,2.5783
2013-03-29,EUR,BRL,2.5806
2013-03-30,EUR,BRL,2.5814
2013-04-01,EUR,BRL,2.5884
2013-04-02,EUR,BRL,2.5944
2013-04-03,EUR,BRL,2.5928
2013-04-04,EUR,BRL,2.5933
2013-04-05,EUR,BRL,2.5976
2013-04-06,EUR,BRL,2.5996
2013-04-08,EUR,BRL,2.5907
2013-04-09,EUR,BRL,2.5939
2013-04-10,EUR,BRL,2.5962
2013-04-11,EUR,BRL,2.5892
2013-04-12,EUR,BRL,2.5877
2013-04-13,EUR,BRL,2.5869
2013-04-15,EUR,BRL,2.584
2013-04-16,EUR,BRL,2.6032
2013-04-17,EUR,BRL,2.6164
2013-04-18,EUR,BRL,2.6172
2013-04-19,EUR,BRL,2.6297
2013-04-20,EUR,BRL,2.6307
2013-04-22,EUR,BRL,2.6284
2013-04-23,EUR,BRL,2.6296
2013-04-24,EUR,BRL,2.6282
2013-04-25,EUR,BRL,2.6268
2013-04-26,EUR,BRL,2.6139
2013-04-27,EUR,BRL,2.6129
2013-04-29,EUR,BRL,2.6124
2013-04-30,EUR,BRL,2.6231
2013-05-01,EUR,BRL,2.6264
2013-05-02,EUR,BRL,2.6352
2013-05-03,EUR,BRL,2.6321
2013-05-04,EUR,BRL,2.6318
2013-05-06,EUR,BRL,2.6365
2013-05-07,EUR,BRL,2.6319
2013-05-08,EUR,BRL,2.6319
2013-05-09,EUR,BRL,2.6344
2013-05-10,EUR,BRL,2.6293
2013-05-13,EUR,BRL,2.6206
2013-05-14,EUR,BRL,2.6129
2013-05-15,EUR,BRL,2.6105
2013-05-16,EUR,BRL,2.6092
2013-05-17,EUR,BRL,2.611
2013-05-18,EUR,BRL,2.6098
2013-05-20,EUR,BRL,2.6109
2013-05-21,EUR,BRL,2.6211
2013-05-22,EUR,BRL,2.6281
2013-05-23,EUR,BRL,2.6345
2013-05-24,EUR,BRL,2.6401
2013-05-25,EUR,BRL,2.6413
2013-05-27,EUR,BRL,2.6512
2013-05-28,EUR,BRL,2.6546
2013-05-29,EUR,BRL,2.6722
2013-05-30,EUR,BRL,2.7022
2013-05-31,EUR,BRL,2.7386
2013-06-01,EUR,BRL,2.7402
2013-06-03,EUR,BRL,2.7686
2013-06-04,EUR,BRL,2.7765
2013-06-05,EUR,BRL,2.7734
2013-06-06,EUR,BRL,2.7831
2013-06-07,EUR,BRL,2.8092
2013-06-08,EUR,BRL,2.8112
2013-06-10,EUR,BRL,2.8213
2013-06-11,EUR,BRL,2.8391
2013-06-12,EUR,BRL,2.8394
2013-06-13,EUR,BRL,2.8512
2013-06-14,EUR,BRL,2.8393
2013-06-15,EUR,BRL,2.8391
2013-06-17,EUR,BRL,2.852
2013-06-18,EUR,BRL,2.8867
2013-06-19,EUR,BRL,2.9046
2013-06-20,EUR,BRL,2.9311
2013-06-21,EUR,BRL,2.9693
2013-06-22,EUR,BRL,2.9693
2013-06-24,EUR,BRL,2.9577
2013-06-25,EUR,BRL,2.9198
2013-06-26,EUR,BRL,2.9002
2013-06-27,EUR,BRL,2.8611
2013-06-28,EUR,BRL,2.8742
2013-06-29,EUR,BRL,2.8727
2013-07-01,EUR,BRL,2.8954
2013-07-02,EUR,BRL,2.9097
2013-07-03,EUR,BRL,2.9188
2013-07-04,EUR,BRL,2.9351
2013-07-05,EUR,BRL,2.9136
2013-07-06,EUR,BRL,2.9117
2013-07-08,EUR,BRL,2.8986
2013-07-09,EUR,BRL,2.904
2013-07-10,EUR,BRL,2.8989
2013-07-11,EUR,BRL,2.9372
2013-07-12,EUR,BRL,2.9466
2013-07-13,EUR,BRL,2.9473
2013-07-15,EUR,BRL,2.9482
2013-07-16,EUR,BRL,2.9243
2013-07-17,EUR,BRL,2.9398
2013-07-18,EUR,BRL,2.9291
2013-07-19,EUR,BRL,2.92
2013-07-20,EUR,BRL,2.9196
2013-07-22,EUR,BRL,2.9396
2013-07-23,EUR,BRL,2.9438
2013-07-24,EUR,BRL,2.9373
2013-07-25,EUR,BRL,2.9561
2013-07-26,EUR,BRL,2.9725
2013-07-27,EUR,BRL,2.974
2013-07-29,EUR,BRL,2.9866
2013-07-30,EUR,BRL,3.0032
2013-07-31,EUR,BRL,3.0199
2013-08-01,EUR,BRL,3.0213
2013-08-02,EUR,BRL,3.0325
2013-08-03,EUR,BRL,3.0336
2013-08-05,EUR,BRL,3.0384
2013-08-06,EUR,BRL,3.0478
2013-08-07,EUR,BRL,3.0534
2013-08-08,EUR,BRL,3.0607
2013-08-09,EUR,BRL,3.0494
2013-08-12,EUR,BRL,3.0325
2013-08-13,EUR,BRL,3.0405
2013-08-14,EUR,BRL,3.0609
2013-08-15,EUR,BRL,3.0792
2013-08-16,EUR,BRL,3.1153
2013-08-17,EUR,BRL,3.1184
2013-08-19,EUR,BRL,3.1713
2013-08-20,EUR,BRL,3.2026
2013-08-21,EUR,BRL,3.2166
2013-08-22,EUR,BRL,3.248
2013-08-23,EUR,BRL,3.2205
2013-08-24,EUR,BRL,3.2293
2013-08-26,EUR,BRL,3.1731
2013-08-27,EUR,BRL,3.1832
2013-08-28,EUR,BRL,3.1701
2013-08-29,EUR,BRL,3.1316
2013-08-30,EUR,BRL,3.1272
2013-08-31,EUR,BRL,3.1258
2013-09-02,EUR,BRL,3.1338
2013-09-03,EUR,BRL,3.1361
2013-09-04,EUR,BRL,3.1109
2013-09-05,EUR,BRL,3.1077
2013-09-06,EUR,BRL,3.0632
2013-09-07,EUR,BRL,3.0619
2013-09-09,EUR,BRL,3.0387
2013-09-10,EUR,BRL,3.0264
2013-09-11,EUR,BRL,3.0301
2013-09-12,EUR,BRL,3.0353
2013-09-13,EUR,BRL,3.0309
2013-09-14,EUR,BRL,3.0301
2013-09-16,EUR,BRL,3.0326
2013-09-17,EUR,BRL,3.0363
2013-09-18,EUR,BRL,3.0164
2013-09-19,EUR,BRL,2.9909
2013-09-20,EUR,BRL,2.9863
2013-09-21,EUR,BRL,2.9841
2013-09-23,EUR,BRL,2.9859
2013-09-24,EUR,BRL,2.9743
2013-09-25,EUR,BRL,2.9739
2013-09-26,EUR,BRL,3.0034
2013-09-27,EUR,BRL,3.0366
2013-09-28,EUR,BRL,3.0382
2013-09-30,EUR,BRL,3.0417
2013-10-01,EUR,BRL,3.0135
2013-10-02,EUR,BRL,3.0001
2013-10-03,EUR,BRL,2.994
2013-10-04,EUR,BRL,3.0001
2013-10-05,EUR,BRL,2.9997
2013-10-07,EUR,BRL,2.9988
2013-10-08,EUR,BRL,2.9954
2013-10-09,EUR,BRL,2.991
2013-10-10,EUR,BRL,2.9786
2013-10-11,EUR,BRL,2.9635
2013-10-12,EUR,BRL,2.9633
2013-10-14,EUR,BRL,2.9587
2013-10-15,EUR,BRL,2.9556
2013-10-16,EUR,BRL,2.9482
2013-10-17,EUR,BRL,2.9563
2013-10-18,EUR,BRL,2.9601
2013-10-19,EUR,BRL,2.96
2013-10-21,EUR,BRL,2.967
2013-10-22,EUR,BRL,2.9767
2013-10-23,EUR,BRL,2.9903
2013-10-24,EUR,BRL,3.0144
2013-10-25,EUR,BRL,3.028
2013-10-26,EUR,BRL,3.0291
2013-10-28,EUR,BRL,3.0232
2013-10-29,EUR,BRL,3.0102
2013-10-30,EUR,BRL,3.0088
2013-10-31,EUR,BRL,3.0098
2013-11-01,EUR,BRL,3.0242
2013-11-02,EUR,BRL,3.0226
2013-11-04,EUR,BRL,3.0297
2013-11-05,EUR,BRL,3.0394
2013-11-06,EUR,BRL,3.0646
2013-11-07,EUR,BRL,3.0753
2013-11-08,EUR,BRL,3.0873
2013-11-11,EUR,BRL,3.101
2013-11-12,EUR,BRL,3.121
2013-11-13,EUR,BRL,3.1292
2013-11-14,EUR,BRL,3.1306
2013-11-15,EUR,BRL,3.1188
2013-11-16,EUR,BRL,3.1188
2013-11-18,EUR,BRL,3.1047
2013-11-19,EUR,BRL,3.0717
2013-11-20,EUR,BRL,3.0684
2013-11-21,EUR,BRL,3.0725
2013-11-22,EUR,BRL,3.0928
2013-11-23,EUR,BRL,3.094
2013-11-25,EUR,BRL,3.0902
2013-11-26,EUR,BRL,3.0942
2013-11-27,EUR,BRL,3.1212
2013-11-28,EUR,BRL,3.1498
2013-11-29,EUR,BRL,3.1584
2013-11-30,EUR,BRL,3.1584
2013-12-02,EUR,BRL,3.1704
2013-12-03,EUR,BRL,3.1857
2013-12-04,EUR,BRL,3.2145
2013-12-05,EUR,BRL,3.2273
2013-12-06,EUR,BRL,3.217
2013-12-07,EUR,BRL,3.2185
2013-12-09,EUR,BRL,3.1975
2013-12-10,EUR,BRL,3.1909
2013-12-11,EUR,BRL,3.1901
2013-12-12,EUR,BRL,3.2139
2013-12-13,EUR,BRL,3.2096
2013-12-14,EUR,BRL,3.2091
2013-12-16,EUR,BRL,3.2051
2013-12-17,EUR,BRL,3.2009
2013-12-18,EUR,BRL,3.199
2013-12-19,EUR,BRL,3.2018
2013-12-20,EUR,BRL,3.2221
2013-12-21,EUR,BRL,3.2222
2013-12-23,EUR,BRL,3.2445
2013-12-24,EUR,BRL,3.2393
2013-12-25,EUR,BRL,3.2351
2013-12-26,EUR,BRL,3.2324
2013-12-27,EUR,BRL,3.2338
2013-12-28,EUR,BRL,3.2343
2013-12-29,EUR,BRL,3.2343
2013-12-30,EUR,BRL,3.2275
2013-12-31,EUR,BRL,3.2412
2014-01-01,EUR,BRL,3.2475
2014-01-02,EUR,BRL,3.2585
2014-01-03,EUR,BRL,3.2536
2014-01-06,EUR,BRL,3.2411
2014-01-07,EUR,BRL,3.2372
2014-01-08,EUR,BRL,3.2338
2014-01-09,EUR,BRL,3.2525
2014-01-10,EUR,BRL,3.2524
2014-01-11,EUR,BRL,3.2525
2014-01-13,EUR,BRL,3.2309
2014-01-14,EUR,BRL,3.226
2014-01-15,EUR,BRL,3.2137
2014-01-16,EUR,BRL,3.2163
2014-01-17,EUR,BRL,3.2135
2014-01-18,EUR,BRL,3.2124
2014-01-20,EUR,BRL,3.1832
2014-01-21,EUR,BRL,3.186
2014-01-22,EUR,BRL,3.2006
2014-01-23,EUR,BRL,3.2247
2014-01-24,EUR,BRL,3.2695
2014-01-25,EUR,BRL,3.2703
2014-01-27,EUR,BRL,3.2828
2014-01-28,EUR,BRL,3.2962
2014-01-29,EUR,BRL,3.3097
2014-01-30,EUR,BRL,3.306
2014-01-31,EUR,BRL,3.2814
2014-02-01,EUR,BRL,3.2804
2014-02-03,EUR,BRL,3.2667
2014-02-04,EUR,BRL,3.2761
2014-02-05,EUR,BRL,3.2655
2014-02-06,EUR,BRL,3.2535
2014-02-07,EUR,BRL,3.2417
2014-02-08,EUR,BRL,3.2415
2014-02-10,EUR,BRL,3.2513
2014-02-11,EUR,BRL,3.2783
2014-02-12,EUR,BRL,3.2801
2014-02-13,EUR,BRL,3.293
2014-02-14,EUR,BRL,3.2833
2014-02-15,EUR,BRL,3.2835
2014-02-17,EUR,BRL,3.2769
2014-02-18,EUR,BRL,3.2765
2014-02-19,EUR,BRL,3.2909
2014-02-20,EUR,BRL,3.2798
2014-02-21,EUR,BRL,3.2584
2014-02-22,EUR,BRL,3.2581
2014-02-24,EUR,BRL,3.231
2014-02-25,EUR,BRL,3.2183
2014-02-26,EUR,BRL,3.221
2014-02-27,EUR,BRL,3.2129
2014-02-28,EUR,BRL,3.2014
2014-03-01,EUR,BRL,3.2017
2014-03-03,EUR,BRL,3.2111
2014-03-04,EUR,BRL,3.2138
2014-03-05,EUR,BRL,3.2092
2014-03-06,EUR,BRL,3.1876
2014-03-07,EUR,BRL,3.2148
2014-03-08,EUR,BRL,3.2163
2014-03-10,EUR,BRL,3.2413
2014-03-11,EUR,BRL,3.2491
2014-03-12,EUR,BRL,3.2667
2014-03-13,EUR,BRL,3.2742
2014-03-14,EUR,BRL,3.2762
2014-03-15,EUR,BRL,3.2764
2014-03-17,EUR,BRL,3.2646
2014-03-18,EUR,BRL,3.2664
2014-03-19,EUR,BRL,3.2558
2014-03-20,EUR,BRL,3.239
2014-03-21,EUR,BRL,3.2215
2014-03-24,EUR,BRL,3.2126
2014-03-25,EUR,BRL,3.2126
2014-03-26,EUR,BRL,3.1937
2014-03-27,EUR,BRL,3.1665
2014-03-28,EUR,BRL,3.1259
2014-03-29,EUR,BRL,3.1241
2014-03-31,EUR,BRL,3.1176
2014-04-01,EUR,BRL,3.1257
2014-04-02,EUR,BRL,3.1246
2014-04-03,EUR,BRL,3.1298
2014-04-04,EUR,BRL,3.1157
2014-04-05,EUR,BRL,3.1156
2014-04-07,EUR,BRL,3.0813
2014-04-08,EUR,BRL,3.0557
2014-04-09,EUR,BRL,3.0484
2014-04-10,EUR,BRL,3.0471
2014-04-11,EUR,BRL,3.062
2014-04-12,EUR,BRL,3.0619
2014-04-14,EUR,BRL,3.0645
2014-04-15,EUR,BRL,3.064
2014-04-16,EUR,BRL,3.0832
2014-04-17,EUR,BRL,3.1011
2014-04-18,EUR,BRL,3.1002
2014-04-19,EUR,BRL,3.1003
2014-04-21,EUR,BRL,3.1008
2014-04-22,EUR,BRL,3.0978
2014-04-23,EUR,BRL,3.0967
2014-04-24,EUR,BRL,3.0805
2014-04-25,EUR,BRL,3.0752
2014-04-26,EUR,BRL,3.0746
2014-04-28,EUR,BRL,3.0974
2014-04-29,EUR,BRL,3.0849
2014-04-30,EUR,BRL,3.0962
2014-05-01,EUR,BRL,3.0931
2014-05-02,EUR,BRL,3.0917
2014-05-03,EUR,BRL,3.0932
2014-05-05,EUR,BRL,3.0885
2014-05-06,EUR,BRL,3.1079
2014-05-07,EUR,BRL,3.1081
2014-05-08,EUR,BRL,3.0926
2014-05-09,EUR,BRL,3.0722
2014-05-12,EUR,BRL,3.057
2014-05-13,EUR,BRL,3.0499
2014-05-14,EUR,BRL,3.0444
2014-05-15,EUR,BRL,3.0361
2014-05-16,EUR,BRL,3.0419
2014-05-17,EUR,BRL,3.0418
2014-05-19,EUR,BRL,3.0409
2014-05-20,EUR,BRL,3.0368
2014-05-21,EUR,BRL,3.0374
2014-05-22,EUR,BRL,3.0324
2014-05-23,EUR,BRL,3.0302
2014-05-24,EUR,BRL,3.0289
2014-05-26,EUR,BRL,3.0318
2014-05-27,EUR,BRL,3.0433
2014-05-28,EUR,BRL,3.0526
2014-05-29,EUR,BRL,3.0464
2014-05-30,EUR,BRL,3.0421
2014-05-31,EUR,BRL,3.0418
2014-06-02,EUR,BRL,3.0555
2014-06-03,EUR,BRL,3.0832
2014-06-04,EUR,BRL,3.0983
2014-06-05,EUR,BRL,3.0944
2014-06-06,EUR,BRL,3.0834
2014-06-07,EUR,BRL,3.0835
2014-06-09,EUR,BRL,3.0663
2014-06-10,EUR,BRL,3.0348
2014-06-11,EUR,BRL,3.0193
2014-06-12,EUR,BRL,3.023
2014-06-13,EUR,BRL,3.0276
2014-06-14,EUR,BRL,3.0273
2014-06-16,EUR,BRL,3.0203
2014-06-17,EUR,BRL,3.0318
2014-06-18,EUR,BRL,3.0539
2014-06-19,EUR,BRL,3.0461
2014-06-20,EUR,BRL,3.0335
2014-06-21,EUR,BRL,3.0321
2014-06-23,EUR,BRL,3.03
2014-06-24,EUR,BRL,3.0232
2014-06-25,EUR,BRL,3.0226
2014-06-26,EUR,BRL,3.0158
2014-06-27,EUR,BRL,3.0014
2014-06-28,EUR,BRL,3.0014
2014-06-30,EUR,BRL,3.0026
2014-07-01,EUR,BRL,3.0192
2014-07-02,EUR,BRL,3.0178
2014-07-03,EUR,BRL,3.028
2014-07-04,EUR,BRL,3.0147
2014-07-05,EUR,BRL,3.0133
2014-07-06,EUR,BRL,3.013
2014-07-07,EUR,BRL,3.0118
2014-07-08,EUR,BRL,3.0179
2014-07-09,EUR,BRL,3.014
2014-07-10,EUR,BRL,3.019
2014-07-11,EUR,BRL,3.0221
2014-07-12,EUR,BRL,3.0222
2014-07-13,EUR,BRL,3.022
2014-07-14,EUR,BRL,3.0215
2014-07-15,EUR,BRL,3.0164
2014-07-16,EUR,BRL,3.0084
2014-07-17,EUR,BRL,3.014
2014-07-18,EUR,BRL,3.0302
2014-07-19,EUR,BRL,3.0311
2014-07-20,EUR,BRL,3.0311
2014-07-21,EUR,BRL,3.0175
2014-07-22,EUR,BRL,3.0049
2014-07-23,EUR,BRL,2.9887
2014-07-24,EUR,BRL,2.9896
2014-07-25,EUR,BRL,2.9932
2014-07-26,EUR,BRL,2.9922
2014-07-27,EUR,BRL,2.9924
2014-07-28,EUR,BRL,2.994
2014-07-29,EUR,BRL,2.9923
2014-07-30,EUR,BRL,2.9964
2014-07-31,EUR,BRL,3.0125
2014-08-01,EUR,BRL,3.0299
2014-08-02,EUR,BRL,3.0316
2014-08-03,EUR,BRL,3.0317
2014-08-04,EUR,BRL,3.0338
2014-08-05,EUR,BRL,3.0367
2014-08-06,EUR,BRL,3.0468
2014-08-07,EUR,BRL,3.0502
2014-08-08,EUR,BRL,3.0632
2014-08-09,EUR,BRL,3.0645
2014-08-10,EUR,BRL,3.0646
2014-08-11,EUR,BRL,3.0653
2014-08-12,EUR,BRL,3.0502
2014-08-13,EUR,BRL,3.0445
2014-08-14,EUR,BRL,3.0474
2014-08-15,EUR,BRL,3.0406
2014-08-16,EUR,BRL,3.0393
2014-08-17,EUR,BRL,3.0393
2014-08-18,EUR,BRL,3.0278
2014-08-19,EUR,BRL,3.0195
2014-08-20,EUR,BRL,3.003
2014-08-21,EUR,BRL,3.0016
2014-08-22,EUR,BRL,3.0153
2014-08-23,EUR,BRL,3.0151
2014-08-24,EUR,BRL,3.0149
2014-08-25,EUR,BRL,3.0114
2014-08-26,EUR,BRL,3.0119
2014-08-27,EUR,BRL,2.9905
2014-08-28,EUR,BRL,2.9749
2014-08-29,EUR,BRL,2.9616
2014-08-30,EUR,BRL,2.9602
2014-08-31,EUR,BRL,2.9599
2014-09-01,EUR,BRL,2.942
2014-09-02,EUR,BRL,2.9461
2014-09-03,EUR,BRL,2.9454
2014-09-04,EUR,BRL,2.9371
2014-09-05,EUR,BRL,2.9134
2014-09-06,EUR,BRL,2.9122
2014-09-07,EUR,BRL,2.9108
2014-09-08,EUR,BRL,2.9079
2014-09-09,EUR,BRL,2.9244
2014-09-10,EUR,BRL,2.9523
2014-09-11,EUR,BRL,2.9597
2014-09-12,EUR,BRL,2.9756
2014-09-13,EUR,BRL,2.9764
2014-09-14,EUR,BRL,2.9763
2014-09-15,EUR,BRL,3.014
2014-09-16,EUR,BRL,3.0277
2014-09-17,EUR,BRL,3.0267
2014-09-18,EUR,BRL,3.0317
2014-09-19,EUR,BRL,3.0469
2014-09-20,EUR,BRL,3.0458
2014-09-21,EUR,BRL,3.0459
2014-09-22,EUR,BRL,3.0521
2014-09-23,EUR,BRL,3.0802
2014-09-24,EUR,BRL,3.0888
2014-09-25,EUR,BRL,3.0669
2014-09-26,EUR,BRL,3.0829
2014-09-27,EUR,BRL,3.0833
2014-09-28,EUR,BRL,3.0822
2014-09-29,EUR,BRL,3.0934
2014-09-30,EUR,BRL,3.0991
2014-10-01,EUR,BRL,3.0954
2014-10-02,EUR,BRL,3.1252
2014-10-03,EUR,BRL,3.1408
2014-10-04,EUR,BRL,3.1409
2014-10-05,EUR,BRL,3.1406
2014-10-06,EUR,BRL,3.0877
2014-10-07,EUR,BRL,3.0654
2014-10-08,EUR,BRL,3.0514
2014-10-09,EUR,BRL,3.0462
2014-10-10,EUR,BRL,3.0532
2014-10-11,EUR,BRL,3.0518
2014-10-12,EUR,BRL,3.0511
2014-10-13,EUR,BRL,3.0508
2014-10-14,EUR,BRL,3.047
2014-10-15,EUR,BRL,3.0536
2014-10-16,EUR,BRL,3.1262
2014-10-17,EUR,BRL,3.1472
2014-10-18,EUR,BRL,3.1478
2014-10-19,EUR,BRL,3.1482
2014-10-20,EUR,BRL,3.1326
2014-10-21,EUR,BRL,3.152
2014-10-22,EUR,BRL,3.1548
2014-10-23,EUR,BRL,3.155
2014-10-24,EUR,BRL,3.1539
2014-10-25,EUR,BRL,3.1544
2014-10-26,EUR,BRL,3.1546
2014-10-27,EUR,BRL,3.1656
2014-10-28,EUR,BRL,3.1841
2014-10-29,EUR,BRL,3.14
2014-10-30,EUR,BRL,3.0889
2014-10-31,EUR,BRL,3.0657
2014-11-01,EUR,BRL,3.0633
2014-11-02,EUR,BRL,3.0626
2014-11-03,EUR,BRL,3.0797
2014-11-04,EUR,BRL,3.1192
2014-11-05,EUR,BRL,3.1346
2014-11-06,EUR,BRL,3.1458
2014-11-07,EUR,BRL,3.1853
2014-11-08,EUR,BRL,3.185
2014-11-09,EUR,BRL,3.1839
2014-11-10,EUR,BRL,3.1829
2014-11-11,EUR,BRL,3.1792
2014-11-12,EUR,BRL,3.1887
2014-11-13,EUR,BRL,3.2009
2014-11-14,EUR,BRL,3.2296
2014-11-15,EUR,BRL,3.2319
2014-11-16,EUR,BRL,3.2321
2014-11-17,EUR,BRL,3.2538
2014-11-18,EUR,BRL,3.2522
2014-11-19,EUR,BRL,3.2448
2014-11-20,EUR,BRL,3.2272
2014-11-21,EUR,BRL,3.2021
2014-11-22,EUR,BRL,3.2004
2014-11-23,EUR,BRL,3.1989
2014-11-24,EUR,BRL,3.1501
2014-11-25,EUR,BRL,3.1564
2014-11-26,EUR,BRL,3.1522
2014-11-27,EUR,BRL,3.1396
2014-11-28,EUR,BRL,3.1604
2014-11-29,EUR,BRL,3.1613
2014-11-30,EUR,BRL,3.1613
2014-12-01,EUR,BRL,3.1829
2014-12-02,EUR,BRL,3.1883
2014-12-03,EUR,BRL,3.1703
2014-12-04,EUR,BRL,3.1622
2014-12-05,EUR,BRL,3.1892
2014-12-06,EUR,BRL,3.1904
2014-12-07,EUR,BRL,3.1907
2014-12-08,EUR,BRL,3.1869
2014-12-09,EUR,BRL,3.2041
2014-12-10,EUR,BRL,3.2171
2014-12-11,EUR,BRL,3.2489
2014-12-12,EUR,BRL,3.2847
2014-12-13,EUR,BRL,3.2872
2014-12-14,EUR,BRL,3.2871
2014-12-15,EUR,BRL,3.3099
2014-12-16,EUR,BRL,3.3572
2014-12-17,EUR,BRL,3.3907
2014-12-18,EUR,BRL,3.3295
2014-12-19,EUR,BRL,3.275
2014-12-20,EUR,BRL,3.2728
2014-12-21,EUR,BRL,3.2723
2014-12-22,EUR,BRL,3.2597
2014-12-23,EUR,BRL,3.2611
2014-12-24,EUR,BRL,3.272
2014-12-25,EUR,BRL,3.2787
2014-12-26,EUR,BRL,3.2778
2014-12-27,EUR,BRL,3.2793
2014-12-28,EUR,BRL,3.2795
2014-12-29,EUR,BRL,3.2674
2014-12-30,EUR,BRL,3.2606
2014-12-31,EUR,BRL,3.2449
2015-01-01,EUR,BRL,3.241
2015-01-02,EUR,BRL,3.2397
2015-01-03,EUR,BRL,3.2388
2015-01-04,EUR,BRL,3.2365
2015-01-05,EUR,BRL,3.2344
2015-01-06,EUR,BRL,3.2283
2015-01-07,EUR,BRL,3.2025
2015-01-08,EUR,BRL,3.1843
2015-01-09,EUR,BRL,3.1521
2015-01-10,EUR,BRL,3.1506
2015-01-11,EUR,BRL,3.1511
2015-01-12,EUR,BRL,3.138
2015-01-13,EUR,BRL,3.1415
2015-01-14,EUR,BRL,3.1181
2015-01-15,EUR,BRL,3.0905
2015-01-16,EUR,BRL,3.0658
2015-01-17,EUR,BRL,3.0631
2015-01-18,EUR,BRL,3.0609
2015-01-19,EUR,BRL,3.0512
2015-01-20,EUR,BRL,3.0575
2015-01-21,EUR,BRL,3.0361
2015-01-22,EUR,BRL,3.0157
2015-01-23,EUR,BRL,2.9522
2015-01-24,EUR,BRL,2.9429
2015-01-25,EUR,BRL,2.9409
2015-01-26,EUR,BRL,2.9106
2015-01-27,EUR,BRL,2.9205
2015-01-28,EUR,BRL,2.9317
2015-01-29,EUR,BRL,2.9305
2015-01-30,EUR,BRL,2.9781
2015-01-31,EUR,BRL,2.9806
2015-02-01,EUR,BRL,2.9804
2015-02-02,EUR,BRL,3.0196
2015-02-03,EUR,BRL,3.064
2015-02-04,EUR,BRL,3.0925
2015-02-05,EUR,BRL,3.1139
2015-02-06,EUR,BRL,3.1441
2015-02-07,EUR,BRL,3.146
2015-02-08,EUR,BRL,3.1462
2015-02-09,EUR,BRL,3.1499
2015-02-10,EUR,BRL,3.1551
2015-02-11,EUR,BRL,3.2041
2015-02-12,EUR,BRL,3.2391
2015-02-13,EUR,BRL,3.2363
2015-02-14,EUR,BRL,3.2367
2015-02-15,EUR,BRL,3.2375
2015-02-16,EUR,BRL,3.2362
2015-02-17,EUR,BRL,3.2268
2015-02-18,EUR,BRL,3.2294
2015-02-19,EUR,BRL,3.2411
2015-02-20,EUR,BRL,3.2545
2015-02-21,EUR,BRL,3.2542
2015-02-22,EUR,BRL,3.2529
2015-02-23,EUR,BRL,3.261
2015-02-24,EUR,BRL,3.2523
2015-02-25,EUR,BRL,3.2415
2015-02-26,EUR,BRL,3.2493
2015-02-27,EUR,BRL,3.2481
2015-02-28,EUR,BRL,3.2483
2015-03-01,EUR,BRL,3.2455
2015-03-02,EUR,BRL,3.2132
2015-03-03,EUR,BRL,3.2366
2015-03-04,EUR,BRL,3.2776
2015-03-05,EUR,BRL,3.2976
2015-03-06,EUR,BRL,3.3123
2015-03-07,EUR,BRL,3.3109
2015-03-08,EUR,BRL,3.309
2015-03-09,EUR,BRL,3.3321
2015-03-10,EUR,BRL,3.3635
2015-03-11,EUR,BRL,3.3277
2015-03-12,EUR,BRL,3.3104
2015-03-13,EUR,BRL,3.3747
2015-03-14,EUR,BRL,3.3787
2015-03-15,EUR,BRL,3.3775
2015-03-16,EUR,BRL,3.4009
2015-03-17,EUR,BRL,3.4474
2015-03-18,EUR,BRL,3.4528
2015-03-19,EUR,BRL,3.4798
2015-03-20,EUR,BRL,3.4973
2015-03-21,EUR,BRL,3.5025
2015-03-22,EUR,BRL,3.5032
2015-03-23,EUR,BRL,3.4923
2015-03-24,EUR,BRL,3.445
2015-03-25,EUR,BRL,3.4393
2015-03-26,EUR,BRL,3.491
2015-03-27,EUR,BRL,3.4896
2015-03-28,EUR,BRL,3.4857
2015-03-29,EUR,BRL,3.4863
2015-03-30,EUR,BRL,3.5185
2015-03-31,EUR,BRL,3.4931
2015-04-01,EUR,BRL,3.4358
2015-04-02,EUR,BRL,3.4255
2015-04-03,EUR,BRL,3.423
2015-04-04,EUR,BRL,3.422
2015-04-05,EUR,BRL,3.422
2015-04-06,EUR,BRL,3.4172
2015-04-07,EUR,BRL,3.4104
2015-04-08,EUR,BRL,3.3822
2015-04-09,EUR,BRL,3.3039
2015-04-10,EUR,BRL,3.2838
2015-04-11,EUR,BRL,3.2799
2015-04-12,EUR,BRL,3.2754
2015-04-13,EUR,BRL,3.2782
2015-04-14,EUR,BRL,3.2854
2015-04-15,EUR,BRL,3.2729
2015-04-16,EUR,BRL,3.2442
2015-04-17,EUR,BRL,3.2592
2015-04-18,EUR,BRL,3.2584
2015-04-19,EUR,BRL,3.2589
2015-04-20,EUR,BRL,3.2696
2015-04-21,EUR,BRL,3.2535
2015-04-22,EUR,BRL,3.2491
2015-04-23,EUR,BRL,3.2388
2015-04-24,EUR,BRL,3.2343
2015-04-25,EUR,BRL,3.2358
2015-04-26,EUR,BRL,3.2348
2015-04-27,EUR,BRL,3.2122
2015-04-28,EUR,BRL,3.183
2015-04-29,EUR,BRL,3.2284
2015-04-30,EUR,BRL,3.2922
2015-05-01,EUR,BRL,3.3137
2015-05-02,EUR,BRL,3.3148
2015-05-03,EUR,BRL,3.3157
2015-05-04,EUR,BRL,3.3771
2015-05-05,EUR,BRL,3.414
2015-05-06,EUR,BRL,3.4268
2015-05-07,EUR,BRL,3.4284
2015-05-08,EUR,BRL,3.3939
2015-05-09,EUR,BRL,3.3935
2015-05-10,EUR,BRL,3.3932
2015-05-11,EUR,BRL,3.3529
2015-05-12,EUR,BRL,3.4078
2015-05-13,EUR,BRL,3.3936
2015-05-14,EUR,BRL,3.4166
2015-05-15,EUR,BRL,3.4121
2015-05-16,EUR,BRL,3.4108
2015-05-17,EUR,BRL,3.4115
2015-05-18,EUR,BRL,3.4163
2015-05-19,EUR,BRL,3.3942
2015-05-20,EUR,BRL,3.3735
2015-05-21,EUR,BRL,3.3568
2015-05-22,EUR,BRL,3.3785
2015-05-23,EUR,BRL,3.3793
2015-05-24,EUR,BRL,3.3785
2015-05-25,EUR,BRL,3.3912
2015-05-26,EUR,BRL,3.3983
2015-05-27,EUR,BRL,3.4214
2015-05-28,EUR,BRL,3.4416
2015-05-29,EUR,BRL,3.4609
2015-05-30,EUR,BRL,3.4616
2015-05-31,EUR,BRL,3.4622
2015-06-01,EUR,BRL,3.4765
2015-06-02,EUR,BRL,3.4719
2015-06-03,EUR,BRL,3.4908
2015-06-04,EUR,BRL,3.5221
2015-06-05,EUR,BRL,3.5271
2015-06-06,EUR,BRL,3.5223
2015-06-07,EUR,BRL,3.5227
2015-06-08,EUR,BRL,3.5008
2015-06-09,EUR,BRL,3.5051
2015-06-10,EUR,BRL,3.4989
2015-06-11,EUR,BRL,3.5183
2015-06-12,EUR,BRL,3.494
2015-06-13,EUR,BRL,3.489
2015-06-14,EUR,BRL,3.4896
2015-06-15,EUR,BRL,3.4975
2015-06-16,EUR,BRL,3.5137
2015-06-17,EUR,BRL,3.4908
2015-06-18,EUR,BRL,3.4791
2015-06-19,EUR,BRL,3.4803
2015-06-20,EUR,BRL,3.4784
2015-06-21,EUR,BRL,3.4781
2015-06-22,EUR,BRL,3.5079
2015-06-23,EUR,BRL,3.4826
2015-06-24,EUR,BRL,3.4593
2015-06-25,EUR,BRL,3.4693
2015-06-26,EUR,BRL,3.4927
2015-06-27,EUR,BRL,3.4953
2015-06-28,EUR,BRL,3.4954
2015-06-29,EUR,BRL,3.4844
2015-06-30,EUR,BRL,3.4871
2015-07-01,EUR,BRL,3.4661
2015-07-02,EUR,BRL,3.47
2015-07-03,EUR,BRL,3.46
2015-07-04,EUR,BRL,3.4589
2015-07-05,EUR,BRL,3.458
2015-07-06,EUR,BRL,3.4672
2015-07-07,EUR,BRL,3.4702
2015-07-08,EUR,BRL,3.5152
2015-07-09,EUR,BRL,3.5598
2015-07-10,EUR,BRL,3.5615
2015-07-11,EUR,BRL,3.5635
2015-07-12,EUR,BRL,3.5644
2015-07-13,EUR,BRL,3.5268
2015-07-14,EUR,BRL,3.4692
2015-07-15,EUR,BRL,3.4626
2015-07-16,EUR,BRL,3.4431
2015-07-17,EUR,BRL,3.4458
2015-07-18,EUR,BRL,3.4447
2015-07-19,EUR,BRL,3.4446
2015-07-20,EUR,BRL,3.4598
2015-07-21,EUR,BRL,3.4664
2015-07-22,EUR,BRL,3.4842
2015-07-23,EUR,BRL,3.5448
2015-07-24,EUR,BRL,3.6108
2015-07-25,EUR,BRL,3.6133
2015-07-26,EUR,BRL,3.6135
2015-07-27,EUR,BRL,3.6849
2015-07-28,EUR,BRL,3.715
2015-07-29,EUR,BRL,3.7061
2015-07-30,EUR,BRL,3.6747
2015-07-31,EUR,BRL,3.6877
2015-08-01,EUR,BRL,3.6899
2015-08-02,EUR,BRL,3.69
2015-08-03,EUR,BRL,3.7454
2015-08-04,EUR,BRL,3.7742
2015-08-05,EUR,BRL,3.7778
2015-08-06,EUR,BRL,3.807
2015-08-07,EUR,BRL,3.8415
2015-08-08,EUR,BRL,3.8437
2015-08-09,EUR,BRL,3.844
2015-08-10,EUR,BRL,3.8377
2015-08-11,EUR,BRL,3.8243
2015-08-12,EUR,BRL,3.8467
2015-08-13,EUR,BRL,3.874
2015-08-14,EUR,BRL,3.8914
2015-08-15,EUR,BRL,3.8944
2015-08-16,EUR,BRL,3.8948
2015-08-17,EUR,BRL,3.8748
2015-08-18,EUR,BRL,3.8571
2015-08-19,EUR,BRL,3.8454
2015-08-20,EUR,BRL,3.8795
2015-08-21,EUR,BRL,3.9054
2015-08-22,EUR,BRL,3.9059
2015-08-23,EUR,BRL,3.9096
2015-08-24,EUR,BRL,4.0174
2015-08-25,EUR,BRL,4.0735
2015-08-26,EUR,BRL,4.1164
2015-08-27,EUR,BRL,4.0586
2015-08-28,EUR,BRL,4.0132
2015-08-29,EUR,BRL,4.0122
2015-08-30,EUR,BRL,4.0114
2015-08-31,EUR,BRL,4.0315
2015-09-01,EUR,BRL,4.0878
2015-09-02,EUR,BRL,4.1593
2015-09-03,EUR,BRL,4.2095
2015-09-04,EUR,BRL,4.2029
2015-09-05,EUR,BRL,4.2009
2015-09-06,EUR,BRL,4.1997
2015-09-07,EUR,BRL,4.2586
2015-09-08,EUR,BRL,4.2632
2015-09-09,EUR,BRL,4.2496
2015-09-10,EUR,BRL,4.2687
2015-09-11,EUR,BRL,4.3302
2015-09-12,EUR,BRL,4.3315
2015-09-13,EUR,BRL,4.3333
2015-09-14,EUR,BRL,4.3665
2015-09-15,EUR,BRL,4.339
2015-09-16,EUR,BRL,4.338
2015-09-17,EUR,BRL,4.3509
2015-09-18,EUR,BRL,4.4247
2015-09-19,EUR,BRL,4.4277
2015-09-20,EUR,BRL,4.4294
2015-09-21,EUR,BRL,4.4462
2015-09-22,EUR,BRL,4.4629
2015-09-23,EUR,BRL,4.5021
2015-09-24,EUR,BRL,4.5909
2015-09-25,EUR,BRL,4.4411
2015-09-26,EUR,BRL,4.4283
2015-09-27,EUR,BRL,4.4277
2015-09-28,EUR,BRL,4.4455
2015-09-29,EUR,BRL,4.561
2015-09-30,EUR,BRL,4.5157
2015-10-01,EUR,BRL,4.4456
2015-10-02,EUR,BRL,4.4583
2015-10-03,EUR,BRL,4.4615
2015-10-04,EUR,BRL,4.4625
2015-10-05,EUR,BRL,4.43
2015-10-06,EUR,BRL,4.3958
2015-10-07,EUR,BRL,4.3456
2015-10-08,EUR,BRL,4.3526
2015-10-09,EUR,BRL,4.2987
2015-10-10,EUR,BRL,4.2938
2015-10-11,EUR,BRL,4.2957
2015-10-12,EUR,BRL,4.2831
2015-10-13,EUR,BRL,4.2992
2015-10-14,EUR,BRL,4.3877
2015-10-15,EUR,BRL,4.3681
2015-10-16,EUR,BRL,4.3473
2015-10-17,EUR,BRL,4.3475
2015-10-18,EUR,BRL,4.347
2015-10-19,EUR,BRL,4.4136
2015-10-20,EUR,BRL,4.4101
2015-10-21,EUR,BRL,4.434
2015-10-22,EUR,BRL,4.4519
2015-10-23,EUR,BRL,4.3656
2015-10-24,EUR,BRL,4.3605
2015-10-25,EUR,BRL,4.3588
2015-10-26,EUR,BRL,4.2942
2015-10-27,EUR,BRL,4.3088
2015-10-28,EUR,BRL,4.3059
2015-10-29,EUR,BRL,4.286
2015-10-30,EUR,BRL,4.2606
2015-10-31,EUR,BRL,4.2577
2015-11-01,EUR,BRL,4.2575
2015-11-02,EUR,BRL,4.2573
2015-11-03,EUR,BRL,4.2195
2015-11-04,EUR,BRL,4.1453
2015-11-05,EUR,BRL,4.1275
2015-11-06,EUR,BRL,4.121
2015-11-07,EUR,BRL,4.1185
2015-11-08,EUR,BRL,4.1171
2015-11-09,EUR,BRL,4.0835
2015-11-10,EUR,BRL,4.0751
2015-11-11,EUR,BRL,4.0438
2015-11-12,EUR,BRL,4.0569
2015-11-13,EUR,BRL,4.081
2015-11-14,EUR,BRL,4.0802
2015-11-15,EUR,BRL,4.0802
2015-11-16,EUR,BRL,4.108
2015-11-17,EUR,BRL,4.0846
2015-11-18,EUR,BRL,4.0633
2015-11-19,EUR,BRL,4.0283
2015-11-20,EUR,BRL,3.9993
2015-11-21,EUR,BRL,4.0063
2015-11-22,EUR,BRL,4.0058
2015-11-23,EUR,BRL,3.9608
2015-11-24,EUR,BRL,3.9621
2015-11-25,EUR,BRL,3.9778
2015-11-26,EUR,BRL,3.9751
2015-11-27,EUR,BRL,3.9742
2015-11-28,EUR,BRL,3.9708
2015-11-29,EUR,BRL,3.9711
2015-11-30,EUR,BRL,4.0505
2015-12-01,EUR,BRL,4.0872
2015-12-02,EUR,BRL,4.0899
2015-12-03,EUR,BRL,4.0589
2015-12-04,EUR,BRL,4.0827
2015-12-05,EUR,BRL,4.0876
2015-12-06,EUR,BRL,4.0933
2015-12-07,EUR,BRL,4.0743
2015-12-08,EUR,BRL,4.0872
2015-12-09,EUR,BRL,4.1176
2015-12-10,EUR,BRL,4.1228
2015-12-11,EUR,BRL,4.1738
2015-12-12,EUR,BRL,4.178
2015-12-13,EUR,BRL,4.179
2015-12-14,EUR,BRL,4.2461
2015-12-15,EUR,BRL,4.263
2015-12-16,EUR,BRL,4.27
2015-12-17,EUR,BRL,4.2328
2015-12-18,EUR,BRL,4.2192
2015-12-19,EUR,BRL,4.2191
2015-12-20,EUR,BRL,4.2187
2015-12-21,EUR,BRL,4.289
2015-12-22,EUR,BRL,4.3569
2015-12-23,EUR,BRL,4.3517
2015-12-24,EUR,BRL,4.3289
2015-12-25,EUR,BRL,4.3266
2015-12-26,EUR,BRL,4.3272
2015-12-27,EUR,BRL,4.3251
2015-12-28,EUR,BRL,4.3085
2015-12-29,EUR,BRL,4.2538
2015-12-30,EUR,BRL,4.2516
2015-12-31,EUR,BRL,4.2844
2016-01-01,EUR,BRL,4.2964
2016-01-02,EUR,BRL,4.2953
2016-01-03,EUR,BRL,4.2994
2016-01-04,EUR,BRL,4.3365
2016-01-05,EUR,BRL,4.3396
2016-01-06,EUR,BRL,4.3179
2016-01-07,EUR,BRL,4.3614
2016-01-08,EUR,BRL,4.3837
2016-01-09,EUR,BRL,4.3851
2016-01-10,EUR,BRL,4.3843
2016-01-11,EUR,BRL,4.3865
2016-01-12,EUR,BRL,4.3925
2016-01-13,EUR,BRL,4.3556
2016-01-14,EUR,BRL,4.3631
2016-01-15,EUR,BRL,4.379
2016-01-16,EUR,BRL,4.3813
2016-01-17,EUR,BRL,4.3817
2016-01-18,EUR,BRL,4.3956
2016-01-19,EUR,BRL,4.3947
2016-01-20,EUR,BRL,4.4354
2016-01-21,EUR,BRL,4.4791
2016-01-22,EUR,BRL,4.4761
2016-01-23,EUR,BRL,4.475
2016-01-24,EUR,BRL,4.473
2016-01-25,EUR,BRL,4.4409
2016-01-26,EUR,BRL,4.4325
2016-01-27,EUR,BRL,4.4178
2016-01-28,EUR,BRL,4.4477
2016-01-29,EUR,BRL,4.4367
2016-01-30,EUR,BRL,4.4341
2016-01-31,EUR,BRL,4.4339
2016-02-01,EUR,BRL,4.3654
2016-02-02,EUR,BRL,4.3453
2016-02-03,EUR,BRL,4.3463
2016-02-04,EUR,BRL,4.3387
2016-02-05,EUR,BRL,4.3469
2016-02-06,EUR,BRL,4.3479
2016-02-07,EUR,BRL,4.3477
2016-02-08,EUR,BRL,4.3448
2016-02-09,EUR,BRL,4.3572
2016-02-10,EUR,BRL,4.3845
2016-02-11,EUR,BRL,4.4448
2016-02-12,EUR,BRL,4.5
2016-02-13,EUR,BRL,4.5012
2016-02-14,EUR,BRL,4.5005
2016-02-15,EUR,BRL,4.4837
2016-02-16,EUR,BRL,4.4768
2016-02-17,EUR,BRL,4.5058
2016-02-18,EUR,BRL,4.4719
2016-02-19,EUR,BRL,4.4806
2016-02-20,EUR,BRL,4.4815
2016-02-21,EUR,BRL,4.4826
2016-02-22,EUR,BRL,4.4472
2016-02-23,EUR,BRL,4.3768
2016-02-24,EUR,BRL,4.3706
2016-02-25,EUR,BRL,4.3636
2016-02-26,EUR,BRL,4.3638
2016-02-27,EUR,BRL,4.3615
2016-02-28,EUR,BRL,4.3604
2016-02-29,EUR,BRL,4.3539
2016-03-01,EUR,BRL,4.3491
2016-03-02,EUR,BRL,4.2853
2016-03-03,EUR,BRL,4.2243
2016-03-04,EUR,BRL,4.1548
2016-03-05,EUR,BRL,4.1512
2016-03-06,EUR,BRL,4.153
2016-03-07,EUR,BRL,4.1369
2016-03-08,EUR,BRL,4.1603
2016-03-09,EUR,BRL,4.1222
2016-03-10,EUR,BRL,4.0565
2016-03-11,EUR,BRL,4.0374
2016-03-12,EUR,BRL,4.0405
2016-03-13,EUR,BRL,4.0428
2016-03-14,EUR,BRL,4.0176
2016-03-15,EUR,BRL,4.0804
2016-03-16,EUR,BRL,4.1751
2016-03-17,EUR,BRL,4.1775
2016-03-18,EUR,BRL,4.1028
2016-03-19,EUR,BRL,4.102
2016-03-20,EUR,BRL,4.1023
2016-03-21,EUR,BRL,4.0827
2016-03-22,EUR,BRL,4.0632
2016-03-23,EUR,BRL,4.0578
2016-03-24,EUR,BRL,4.0949
2016-03-25,EUR,BRL,4.101
2016-03-26,EUR,BRL,4.1007
2016-03-27,EUR,BRL,4.1045
2016-03-28,EUR,BRL,4.1061
2016-03-29,EUR,BRL,4.0831
2016-03-30,EUR,BRL,4.103
2016-03-31,EUR,BRL,4.0902
2016-04-01,EUR,BRL,4.0876
2016-04-02,EUR,BRL,4.088
2016-04-03,EUR,BRL,4.0888
2016-04-04,EUR,BRL,4.0666
2016-04-05,EUR,BRL,4.1098
2016-04-06,EUR,BRL,4.1639
2016-04-07,EUR,BRL,4.1689
2016-04-08,EUR,BRL,4.1579
2016-04-09,EUR,BRL,4.1592
2016-04-10,EUR,BRL,4.1593
2016-04-11,EUR,BRL,4.0917
2016-04-12,EUR,BRL,4.017
2016-04-13,EUR,BRL,3.9829
2016-04-14,EUR,BRL,3.9549
2016-04-15,EUR,BRL,3.9441
2016-04-16,EUR,BRL,3.9405
2016-04-17,EUR,BRL,3.9401
2016-04-18,EUR,BRL,3.9758
2016-04-19,EUR,BRL,4.0353
2016-04-20,EUR,BRL,4.0259
2016-04-21,EUR,BRL,3.9994
2016-04-22,EUR,BRL,4.0007
2016-04-23,EUR,BRL,4.0008
2016-04-24,EUR,BRL,3.9993
2016-04-25,EUR,BRL,4.0013
2016-04-26,EUR,BRL,3.9976
2016-04-27,EUR,BRL,3.9905
2016-04-28,EUR,BRL,3.9844
2016-04-29,EUR,BRL,3.9675
2016-04-30,EUR,BRL,3.9679
2016-05-01,EUR,BRL,3.9703
2016-05-02,EUR,BRL,3.9691
2016-05-03,EUR,BRL,4.042
2016-05-04,EUR,BRL,4.08
2016-05-05,EUR,BRL,4.0626
2016-05-06,EUR,BRL,4.0366
2016-05-07,EUR,BRL,4.0388
2016-05-08,EUR,BRL,4.0382
2016-05-09,EUR,BRL,4.0157
2016-05-10,EUR,BRL,3.9935
2016-05-11,EUR,BRL,3.9591
2016-05-12,EUR,BRL,3.9495
2016-05-13,EUR,BRL,3.9563
2016-05-14,EUR,BRL,3.9552
2016-05-15,EUR,BRL,3.9537
2016-05-16,EUR,BRL,3.9708
2016-05-17,EUR,BRL,3.9638
2016-05-18,EUR,BRL,3.9632
2016-05-19,EUR,BRL,3.9954
2016-05-20,EUR,BRL,3.9922
2016-05-21,EUR,BRL,3.9911
2016-05-22,EUR,BRL,3.9911
2016-05-23,EUR,BRL,3.9776
2016-05-24,EUR,BRL,3.9853
2016-05-25,EUR,BRL,3.9845
2016-05-26,EUR,BRL,3.9993
2016-05-27,EUR,BRL,4.0181
2016-05-28,EUR,BRL,4.0178
2016-05-29,EUR,BRL,4.0172
2016-05-30,EUR,BRL,4.0111
2016-05-31,EUR,BRL,3.9963
2016-06-01,EUR,BRL,4.0027
2016-06-02,EUR,BRL,4.0191
2016-06-03,EUR,BRL,4.0009
2016-06-04,EUR,BRL,4.0001
2016-06-05,EUR,BRL,4.0012
2016-06-06,EUR,BRL,3.9991
2016-06-07,EUR,BRL,3.9726
2016-06-08,EUR,BRL,3.9133
2016-06-09,EUR,BRL,3.8545
2016-06-10,EUR,BRL,3.8565
2016-06-11,EUR,BRL,3.8545
2016-06-12,EUR,BRL,3.8534
2016-06-13,EUR,BRL,3.8702
2016-06-14,EUR,BRL,3.9099
2016-06-15,EUR,BRL,3.9032
2016-06-16,EUR,BRL,3.9082
2016-06-17,EUR,BRL,3.8995
2016-06-18,EUR,BRL,3.9001
2016-06-19,EUR,BRL,3.9008
2016-06-20,EUR,BRL,3.8744
2016-06-21,EUR,BRL,3.8439
2016-06-22,EUR,BRL,3.8397
2016-06-23,EUR,BRL,3.831
2016-06-24,EUR,BRL,3.7882
2016-06-25,EUR,BRL,3.7824
2016-06-26,EUR,BRL,3.7794
2016-06-27,EUR,BRL,3.7475
2016-06-28,EUR,BRL,3.7366
2016-06-29,EUR,BRL,3.6697
2016-06-30,EUR,BRL,3.6038
2016-07-01,EUR,BRL,3.5843
2016-07-02,EUR,BRL,3.5823
2016-07-03,EUR,BRL,3.5825
2016-07-04,EUR,BRL,3.6077
2016-07-05,EUR,BRL,3.6395
2016-07-06,EUR,BRL,3.6594
2016-07-07,EUR,BRL,3.6883
2016-07-08,EUR,BRL,3.698
2016-07-09,EUR,BRL,3.699
2016-07-10,EUR,BRL,3.6975
2016-07-11,EUR,BRL,3.6584
2016-07-12,EUR,BRL,3.6547
2016-07-13,EUR,BRL,3.6472
2016-07-14,EUR,BRL,3.6267
2016-07-15,EUR,BRL,3.6201
2016-07-16,EUR,BRL,3.6198
2016-07-17,EUR,BRL,3.6197
2016-07-18,EUR,BRL,3.6149
2016-07-19,EUR,BRL,3.6094
2016-07-20,EUR,BRL,3.5864
2016-07-21,EUR,BRL,3.5897
2016-07-22,EUR,BRL,3.6069
2016-07-23,EUR,BRL,3.6082
2016-07-24,EUR,BRL,3.6076
2016-07-25,EUR,BRL,3.593
2016-07-26,EUR,BRL,3.6012
2016-07-27,EUR,BRL,3.6062
2016-07-28,EUR,BRL,3.6236
2016-07-29,EUR,BRL,3.637
2016-07-30,EUR,BRL,3.6387
2016-07-31,EUR,BRL,3.6395
2016-08-01,EUR,BRL,3.6424
2016-08-02,EUR,BRL,3.6519
2016-08-03,EUR,BRL,3.655
2016-08-04,EUR,BRL,3.6151
2016-08-05,EUR,BRL,3.5666
2016-08-06,EUR,BRL,3.5637
2016-08-07,EUR,BRL,3.5631
2016-08-08,EUR,BRL,3.5331
2016-08-09,EUR,BRL,3.5142
2016-08-10,EUR,BRL,3.5096
2016-08-11,EUR,BRL,3.508
2016-08-12,EUR,BRL,3.5201
2016-08-13,EUR,BRL,3.5198
2016-08-14,EUR,BRL,3.5198
2016-08-15,EUR,BRL,3.544
2016-08-16,EUR,BRL,3.5723
2016-08-17,EUR,BRL,3.6099
2016-08-18,EUR,BRL,3.6385
2016-08-19,EUR,BRL,3.662
2016-08-20,EUR,BRL,3.6642
2016-08-21,EUR,BRL,3.6651
2016-08-22,EUR,BRL,3.6421
2016-08-23,EUR,BRL,3.6368
2016-08-24,EUR,BRL,3.6476
2016-08-25,EUR,BRL,3.6467
2016-08-26,EUR,BRL,3.6523
2016-08-27,EUR,BRL,3.6516
2016-08-28,EUR,BRL,3.6516
2016-08-29,EUR,BRL,3.6546
2016-08-30,EUR,BRL,3.6306
2016-08-31,EUR,BRL,3.6143
2016-09-01,EUR,BRL,3.6103
2016-09-02,EUR,BRL,3.6349
2016-09-03,EUR,BRL,3.6366
2016-09-04,EUR,BRL,3.6368
2016-09-05,EUR,BRL,3.6405
2016-09-06,EUR,BRL,3.6385
2016-09-07,EUR,BRL,3.6157
2016-09-08,EUR,BRL,3.604
2016-09-09,EUR,BRL,3.6384
2016-09-10,EUR,BRL,3.6393
2016-09-11,EUR,BRL,3.639
2016-09-12,EUR,BRL,3.6646
2016-09-13,EUR,BRL,3.6737
2016-09-14,EUR,BRL,3.7081
2016-09-15,EUR,BRL,3.74
2016-09-16,EUR,BRL,3.7173
2016-09-17,EUR,BRL,3.7161
2016-09-18,EUR,BRL,3.7153
2016-09-19,EUR,BRL,3.6654
2016-09-20,EUR,BRL,3.654
2016-09-21,EUR,BRL,3.6322
2016-09-22,EUR,BRL,3.6109
2016-09-23,EUR,BRL,3.6092
2016-09-24,EUR,BRL,3.6085
2016-09-25,EUR,BRL,3.6086
2016-09-26,EUR,BRL,3.6382
2016-09-27,EUR,BRL,3.638
2016-09-28,EUR,BRL,3.6305
2016-09-29,EUR,BRL,3.6275
2016-09-30,EUR,BRL,3.6365
2016-10-01,EUR,BRL,3.6367
2016-10-02,EUR,BRL,3.6365
2016-10-03,EUR,BRL,3.6429
2016-10-04,EUR,BRL,3.6137
2016-10-05,EUR,BRL,3.6317
2016-10-06,EUR,BRL,3.6214
2016-10-07,EUR,BRL,3.6057
2016-10-08,EUR,BRL,3.6046
2016-10-09,EUR,BRL,3.6042
2016-10-10,EUR,BRL,3.6015
2016-10-11,EUR,BRL,3.5783
2016-10-12,EUR,BRL,3.5476
2016-10-13,EUR,BRL,3.5364
2016-10-14,EUR,BRL,3.5217
2016-10-15,EUR,BRL,3.5196
2016-10-16,EUR,BRL,3.519
2016-10-17,EUR,BRL,3.5177
2016-10-18,EUR,BRL,3.5195
2016-10-19,EUR,BRL,3.5052
2016-10-20,EUR,BRL,3.4825
2016-10-21,EUR,BRL,3.4463
2016-10-22,EUR,BRL,3.4427
2016-10-23,EUR,BRL,3.4417
2016-10-24,EUR,BRL,3.4293
2016-10-25,EUR,BRL,3.4068
2016-10-26,EUR,BRL,3.406
2016-10-27,EUR,BRL,3.4305
2016-10-28,EUR,BRL,3.4624
2016-10-29,EUR,BRL,3.4643
2016-10-30,EUR,BRL,3.4647
2016-10-31,EUR,BRL,3.4889
2016-11-01,EUR,BRL,3.5136
2016-11-02,EUR,BRL,3.5649
2016-11-03,EUR,BRL,3.5879
2016-11-04,EUR,BRL,3.5982
2016-11-05,EUR,BRL,3.6008
2016-11-06,EUR,BRL,3.6013
2016-11-07,EUR,BRL,3.5738
2016-11-08,EUR,BRL,3.5426
2016-11-09,EUR,BRL,3.5446
2016-11-10,EUR,BRL,3.5699
2016-11-11,EUR,BRL,3.668
2016-11-12,EUR,BRL,3.6733
2016-11-13,EUR,BRL,3.6728
2016-11-14,EUR,BRL,3.6841
2016-11-15,EUR,BRL,3.7044
2016-11-16,EUR,BRL,3.6901
2016-11-17,EUR,BRL,3.675
2016-11-18,EUR,BRL,3.6339
2016-11-19,EUR,BRL,3.6306
2016-11-20,EUR,BRL,3.6292
2016-11-21,EUR,BRL,3.5888
2016-11-22,EUR,BRL,3.5765
2016-11-23,EUR,BRL,3.5783
2016-11-24,EUR,BRL,3.6008
2016-11-25,EUR,BRL,3.61
2016-11-26,EUR,BRL,3.6103
2016-11-27,EUR,BRL,3.6109
2016-11-28,EUR,BRL,3.6216
2016-11-29,EUR,BRL,3.6117
2016-11-30,EUR,BRL,3.6291
2016-12-01,EUR,BRL,3.6405
2016-12-02,EUR,BRL,3.7126
2016-12-03,EUR,BRL,3.7176
2016-12-04,EUR,BRL,3.7176
2016-12-05,EUR,BRL,3.6961
2016-12-06,EUR,BRL,3.6979
2016-12-07,EUR,BRL,3.6623
2016-12-08,EUR,BRL,3.6522
2016-12-09,EUR,BRL,3.6091
2016-12-10,EUR,BRL,3.6018
2016-12-11,EUR,BRL,3.6002
2016-12-12,EUR,BRL,3.5812
2016-12-13,EUR,BRL,3.5617
2016-12-14,EUR,BRL,3.548
2016-12-15,EUR,BRL,3.5452
2016-12-16,EUR,BRL,3.5324
2016-12-17,EUR,BRL,3.5304
2016-12-18,EUR,BRL,3.5301
2016-12-19,EUR,BRL,3.537
2016-12-20,EUR,BRL,3.5087
2016-12-21,EUR,BRL,3.4927
2016-12-22,EUR,BRL,3.4759
2016-12-23,EUR,BRL,3.4417
2016-12-24,EUR,BRL,3.4386
2016-12-25,EUR,BRL,3.4385
2016-12-26,EUR,BRL,3.4342
2016-12-27,EUR,BRL,3.4253
2016-12-28,EUR,BRL,3.4222
2016-12-29,EUR,BRL,3.421
2016-12-30,EUR,BRL,3.4255
2016-12-31,EUR,BRL,3.4269
2017-01-01,EUR,BRL,3.4268
2017-01-02,EUR,BRL,3.4284
2017-01-03,EUR,BRL,3.415
2017-01-04,EUR,BRL,3.3927
2017-01-05,EUR,BRL,3.3842
2017-01-06,EUR,BRL,3.3874
2017-01-07,EUR,BRL,3.3876
2017-01-08,EUR,BRL,3.3885
2017-01-09,EUR,BRL,3.385
2017-01-10,EUR,BRL,3.3867
2017-01-11,EUR,BRL,3.379
2017-01-12,EUR,BRL,3.3874
2017-01-13,EUR,BRL,3.4007
2017-01-14,EUR,BRL,3.4019
2017-01-15,EUR,BRL,3.4028
2017-01-16,EUR,BRL,3.4168
2017-01-17,EUR,BRL,3.4377
2017-01-18,EUR,BRL,3.4449
2017-01-19,EUR,BRL,3.4332
2017-01-20,EUR,BRL,3.4203
2017-01-21,EUR,BRL,3.4191
2017-01-22,EUR,BRL,3.4193
2017-01-23,EUR,BRL,3.4093
2017-01-24,EUR,BRL,3.4086
2017-01-25,EUR,BRL,3.4076
2017-01-26,EUR,BRL,3.4138
2017-01-27,EUR,BRL,3.397
2017-01-28,EUR,BRL,3.3954
2017-01-29,EUR,BRL,3.3953
2017-01-30,EUR,BRL,3.3668
2017-01-31,EUR,BRL,3.3615
2017-02-01,EUR,BRL,3.3857
2017-02-02,EUR,BRL,3.3806
2017-02-03,EUR,BRL,3.3675
2017-02-04,EUR,BRL,3.3665
2017-02-05,EUR,BRL,3.3659
2017-02-06,EUR,BRL,3.3601
2017-02-07,EUR,BRL,3.3453
2017-02-08,EUR,BRL,3.3374
2017-02-09,EUR,BRL,3.3373
2017-02-10,EUR,BRL,3.3281
2017-02-11,EUR,BRL,3.327
2017-02-12,EUR,BRL,3.3262
2017-02-13,EUR,BRL,3.3166
2017-02-14,EUR,BRL,3.3033
2017-02-15,EUR,BRL,3.2688
2017-02-16,EUR,BRL,3.2576
2017-02-17,EUR,BRL,3.2879
2017-02-18,EUR,BRL,3.2894
2017-02-19,EUR,BRL,3.2893
2017-02-20,EUR,BRL,3.2956
2017-02-21,EUR,BRL,3.2743
2017-02-22,EUR,BRL,3.2539
2017-02-23,EUR,BRL,3.2445
2017-02-24,EUR,BRL,3.26
2017-02-25,EUR,BRL,3.2612
2017-02-26,EUR,BRL,3.2613
2017-02-27,EUR,BRL,3.2816
2017-02-28,EUR,BRL,3.2883
2017-03-01,EUR,BRL,3.2814
2017-03-02,EUR,BRL,3.2728
2017-03-03,EUR,BRL,3.2996
2017-03-04,EUR,BRL,3.3021
2017-03-05,EUR,BRL,3.303
2017-03-06,EUR,BRL,3.3025
2017-03-07,EUR,BRL,3.3066
2017-03-08,EUR,BRL,3.3102
2017-03-09,EUR,BRL,3.3341
2017-03-10,EUR,BRL,3.3637
2017-03-11,EUR,BRL,3.3661
2017-03-12,EUR,BRL,3.3673
2017-03-13,EUR,BRL,3.3636
2017-03-14,EUR,BRL,3.3607
2017-03-15,EUR,BRL,3.3586
2017-03-16,EUR,BRL,3.3411
2017-03-17,EUR,BRL,3.3459
2017-03-18,EUR,BRL,3.3473
2017-03-19,EUR,BRL,3.3476
2017-03-20,EUR,BRL,3.334
2017-03-21,EUR,BRL,3.3245
2017-03-22,EUR,BRL,3.336
2017-03-23,EUR,BRL,3.3494
2017-03-24,EUR,BRL,3.3729
2017-03-25,EUR,BRL,3.3745
2017-03-26,EUR,BRL,3.3746
2017-03-27,EUR,BRL,3.3836
2017-03-28,EUR,BRL,3.395
2017-03-29,EUR,BRL,3.3848
2017-03-30,EUR,BRL,3.3633
2017-03-31,EUR,BRL,3.3667
2017-04-01,EUR,BRL,3.367
2017-04-02,EUR,BRL,3.366
2017-04-03,EUR,BRL,3.3438
2017-04-04,EUR,BRL,3.3314
2017-04-05,EUR,BRL,3.3147
2017-04-06,EUR,BRL,3.3261
2017-04-07,EUR,BRL,3.3403
2017-04-08,EUR,BRL,3.3402
2017-04-09,EUR,BRL,3.3395
2017-04-10,EUR,BRL,3.3296
2017-04-11,EUR,BRL,3.3243
2017-04-12,EUR,BRL,3.333
2017-04-13,EUR,BRL,3.341
2017-04-14,EUR,BRL,3.3413
2017-04-15,EUR,BRL,3.3413
2017-04-16,EUR,BRL,3.3409
2017-04-17,EUR,BRL,3.3351
2017-04-18,EUR,BRL,3.3176
2017-04-19,EUR,BRL,3.3366
2017-04-20,EUR,BRL,3.3698
2017-04-21,EUR,BRL,3.378
2017-04-22,EUR,BRL,3.3775
2017-04-23,EUR,BRL,3.3777
2017-04-24,EUR,BRL,3.3955
2017-04-25,EUR,BRL,3.4165
2017-04-26,EUR,BRL,3.4452
2017-04-27,EUR,BRL,3.4526
2017-04-28,EUR,BRL,3.4626
2017-04-29,EUR,BRL,3.4645
2017-04-30,EUR,BRL,3.4647
2017-05-01,EUR,BRL,3.4685
2017-05-02,EUR,BRL,3.4627
2017-05-03,EUR,BRL,3.4504
2017-05-04,EUR,BRL,3.4617
2017-05-05,EUR,BRL,3.4875
2017-05-06,EUR,BRL,3.4898
2017-05-07,EUR,BRL,3.4905
2017-05-08,EUR,BRL,3.4905
2017-05-09,EUR,BRL,3.4836
2017-05-10,EUR,BRL,3.4635
2017-05-11,EUR,BRL,3.4467
2017-05-12,EUR,BRL,3.424
2017-05-13,EUR,BRL,3.4234
2017-05-14,EUR,BRL,3.4242
2017-05-15,EUR,BRL,3.4171
2017-05-16,EUR,BRL,3.4263
2017-05-17,EUR,BRL,3.444
2017-05-18,EUR,BRL,3.4795
2017-05-19,EUR,BRL,3.6733
2017-05-20,EUR,BRL,3.6854
2017-05-21,EUR,BRL,3.6866
2017-05-22,EUR,BRL,3.67
2017-05-23,EUR,BRL,3.6721
2017-05-24,EUR,BRL,3.6561
2017-05-25,EUR,BRL,3.6649
2017-05-26,EUR,BRL,3.6628
2017-05-27,EUR,BRL,3.6619
2017-05-28,EUR,BRL,3.6619
2017-05-29,EUR,BRL,3.6491
2017-05-30,EUR,BRL,3.6402
2017-05-31,EUR,BRL,3.6402
2017-06-01,EUR,BRL,3.632
2017-06-02,EUR,BRL,3.6384
2017-06-03,EUR,BRL,3.6385
2017-06-04,EUR,BRL,3.639
2017-06-05,EUR,BRL,3.6608
2017-06-06,EUR,BRL,3.6927
2017-06-07,EUR,BRL,3.6886
2017-06-08,EUR,BRL,3.6816
2017-06-09,EUR,BRL,3.6619
2017-06-10,EUR,BRL,3.6598
2017-06-11,EUR,BRL,3.659
2017-06-12,EUR,BRL,3.6833
2017-06-13,EUR,BRL,3.7054
2017-06-14,EUR,BRL,3.7061
2017-06-15,EUR,BRL,3.6787
2017-06-16,EUR,BRL,3.6644
2017-06-17,EUR,BRL,3.6644
2017-06-18,EUR,BRL,3.6646
2017-06-19,EUR,BRL,3.682
2017-06-20,EUR,BRL,3.6764
2017-06-21,EUR,BRL,3.6957
2017-06-22,EUR,BRL,3.7145
2017-06-23,EUR,BRL,3.7228
2017-06-24,EUR,BRL,3.724
2017-06-25,EUR,BRL,3.724
2017-06-26,EUR,BRL,3.7221
2017-06-27,EUR,BRL,3.7157
2017-06-28,EUR,BRL,3.7457
2017-06-29,EUR,BRL,3.7493
2017-06-30,EUR,BRL,3.7585
2017-07-01,EUR,BRL,3.7589
2017-07-02,EUR,BRL,3.7605
2017-07-03,EUR,BRL,3.7614
2017-07-04,EUR,BRL,3.7457
2017-07-05,EUR,BRL,3.7552
2017-07-06,EUR,BRL,3.7503
2017-07-07,EUR,BRL,3.7564
2017-07-08,EUR,BRL,3.7566
2017-07-09,EUR,BRL,3.7564
2017-07-10,EUR,BRL,3.7384
2017-07-11,EUR,BRL,3.7215
2017-07-12,EUR,BRL,3.7124
2017-07-13,EUR,BRL,3.6789
2017-07-14,EUR,BRL,3.6605
2017-07-15,EUR,BRL,3.6599
2017-07-16,EUR,BRL,3.6598
2017-07-17,EUR,BRL,3.6525
2017-07-18,EUR,BRL,3.6592
2017-07-19,EUR,BRL,3.6471
2017-07-20,EUR,BRL,3.6314
2017-07-21,EUR,BRL,3.6261
2017-07-22,EUR,BRL,3.6275
2017-07-23,EUR,BRL,3.6289
2017-07-24,EUR,BRL,3.6554
2017-07-25,EUR,BRL,3.6695
2017-07-26,EUR,BRL,3.681
2017-07-27,EUR,BRL,3.6851
2017-07-28,EUR,BRL,3.6877
2017-07-29,EUR,BRL,3.6888
2017-07-30,EUR,BRL,3.6891
2017-07-31,EUR,BRL,3.6831
2017-08-01,EUR,BRL,3.6867
2017-08-02,EUR,BRL,3.6939
2017-08-03,EUR,BRL,3.6958
2017-08-04,EUR,BRL,3.6918
2017-08-05,EUR,BRL,3.691
2017-08-06,EUR,BRL,3.6914
2017-08-07,EUR,BRL,3.6877
2017-08-08,EUR,BRL,3.6879
2017-08-09,EUR,BRL,3.6837
2017-08-10,EUR,BRL,3.7001
2017-08-11,EUR,BRL,3.7215
2017-08-12,EUR,BRL,3.7239
2017-08-13,EUR,BRL,3.7247
2017-08-14,EUR,BRL,3.7494
2017-08-15,EUR,BRL,3.7504
2017-08-16,EUR,BRL,3.7178
2017-08-17,EUR,BRL,3.7085
2017-08-18,EUR,BRL,3.7123
2017-08-19,EUR,BRL,3.7139
2017-08-20,EUR,BRL,3.7113
2017-08-21,EUR,BRL,3.707
2017-08-22,EUR,BRL,3.7174
2017-08-23,EUR,BRL,3.7179
2017-08-24,EUR,BRL,3.7097
2017-08-25,EUR,BRL,3.7087
2017-08-26,EUR,BRL,3.7097
2017-08-27,EUR,BRL,3.7111
2017-08-28,EUR,BRL,3.7509
2017-08-29,EUR,BRL,3.788
2017-08-30,EUR,BRL,3.7851
2017-08-31,EUR,BRL,3.758
2017-09-01,EUR,BRL,3.7454
2017-09-02,EUR,BRL,3.7451
2017-09-03,EUR,BRL,3.7447
2017-09-04,EUR,BRL,3.7411
2017-09-05,EUR,BRL,3.7303
2017-09-06,EUR,BRL,3.7214
2017-09-07,EUR,BRL,3.7126
2017-09-08,EUR,BRL,3.7276
2017-09-09,EUR,BRL,3.7288
2017-09-10,EUR,BRL,3.7292
2017-09-11,EUR,BRL,3.7171
2017-09-12,EUR,BRL,3.7168
2017-09-13,EUR,BRL,3.7432
2017-09-14,EUR,BRL,3.7347
2017-09-15,EUR,BRL,3.7298
2017-09-16,EUR,BRL,3.7301
2017-09-17,EUR,BRL,3.7299
2017-09-18,EUR,BRL,3.7286
2017-09-19,EUR,BRL,3.7486
2017-09-20,EUR,BRL,3.7563
2017-09-21,EUR,BRL,3.7433
2017-09-22,EUR,BRL,3.7479
2017-09-23,EUR,BRL,3.7497
2017-09-24,EUR,BRL,3.7493
2017-09-25,EUR,BRL,3.7378
2017-09-26,EUR,BRL,3.7383
2017-09-27,EUR,BRL,3.7358
2017-09-28,EUR,BRL,3.7476
2017-09-29,EUR,BRL,3.7529
2017-09-30,EUR,BRL,3.7551
2017-10-01,EUR,BRL,3.7548
2017-10-02,EUR,BRL,3.7321
2017-10-03,EUR,BRL,3.7089
2017-10-04,EUR,BRL,3.7003
2017-10-05,EUR,BRL,3.6908
2017-10-06,EUR,BRL,3.694
2017-10-07,EUR,BRL,3.6937
2017-10-08,EUR,BRL,3.694
2017-10-09,EUR,BRL,3.7087
2017-10-10,EUR,BRL,3.7357
2017-10-11,EUR,BRL,3.7503
2017-10-12,EUR,BRL,3.7599
2017-10-13,EUR,BRL,3.752
2017-10-14,EUR,BRL,3.7519
2017-10-15,EUR,BRL,3.7505
2017-10-16,EUR,BRL,3.73
2017-10-17,EUR,BRL,3.7334
2017-10-18,EUR,BRL,3.7253
2017-10-19,EUR,BRL,3.7419
2017-10-20,EUR,BRL,3.7489
2017-10-21,EUR,BRL,3.7488
2017-10-22,EUR,BRL,3.7503
2017-10-23,EUR,BRL,3.7576
2017-10-24,EUR,BRL,3.7912
2017-10-25,EUR,BRL,3.8121
2017-10-26,EUR,BRL,3.817
2017-10-27,EUR,BRL,3.8108
2017-10-28,EUR,BRL,3.8121
2017-10-29,EUR,BRL,3.8094
2017-10-30,EUR,BRL,3.7873
2017-10-31,EUR,BRL,3.8041
2017-11-01,EUR,BRL,3.8095
2017-11-02,EUR,BRL,3.8066
2017-11-03,EUR,BRL,3.8108
2017-11-04,EUR,BRL,3.8105
2017-11-05,EUR,BRL,3.8136
2017-11-06,EUR,BRL,3.8251
2017-11-07,EUR,BRL,3.7893
2017-11-08,EUR,BRL,3.7819
2017-11-09,EUR,BRL,3.7785
2017-11-10,EUR,BRL,3.7941
2017-11-11,EUR,BRL,3.7945
2017-11-12,EUR,BRL,3.7968
2017-11-13,EUR,BRL,3.819
2017-11-14,EUR,BRL,3.8378
2017-11-15,EUR,BRL,3.8844
2017-11-16,EUR,BRL,3.8819
2017-11-17,EUR,BRL,3.8662
2017-11-18,EUR,BRL,3.8667
2017-11-19,EUR,BRL,3.8639
2017-11-20,EUR,BRL,3.8416
2017-11-21,EUR,BRL,3.8253
2017-11-22,EUR,BRL,3.8242
2017-11-23,EUR,BRL,3.8258
2017-11-24,EUR,BRL,3.8302
2017-11-25,EUR,BRL,3.8304
2017-11-26,EUR,BRL,3.832
2017-11-27,EUR,BRL,3.8488
2017-11-28,EUR,BRL,3.8391
2017-11-29,EUR,BRL,3.8192
2017-11-30,EUR,BRL,3.8479
2017-12-01,EUR,BRL,3.875
2017-12-02,EUR,BRL,3.8773
2017-12-03,EUR,BRL,3.8802
2017-12-04,EUR,BRL,3.8635
2017-12-05,EUR,BRL,3.8457
2017-12-06,EUR,BRL,3.8324
2017-12-07,EUR,BRL,3.845
2017-12-08,EUR,BRL,3.8599
2017-12-09,EUR,BRL,3.8597
2017-12-10,EUR,BRL,3.8634
2017-12-11,EUR,BRL,3.8716
2017-12-12,EUR,BRL,3.8917
2017-12-13,EUR,BRL,3.8928
2017-12-14,EUR,BRL,3.9207
2017-12-15,EUR,BRL,3.922
2017-12-16,EUR,BRL,3.9221
2017-12-17,EUR,BRL,3.9204
2017-12-18,EUR,BRL,3.8921
2017-12-19,EUR,BRL,3.8893
2017-12-20,EUR,BRL,3.9015
2017-12-21,EUR,BRL,3.9165
2017-12-22,EUR,BRL,3.9287
2017-12-23,EUR,BRL,3.9293
2017-12-24,EUR,BRL,3.9322
2017-12-25,EUR,BRL,3.9355
2017-12-26,EUR,BRL,3.9468
2017-12-27,EUR,BRL,3.9346
2017-12-28,EUR,BRL,3.9465
2017-12-29,EUR,BRL,3.9617
2017-12-30,EUR,BRL,3.9637
2017-12-31,EUR,BRL,3.9639
2018-01-01,EUR,BRL,3.9624
2018-01-02,EUR,BRL,3.9637
2018-01-03,EUR,BRL,3.9296
2018-01-04,EUR,BRL,3.9046
2018-01-05,EUR,BRL,3.907
2018-01-06,EUR,BRL,3.906
2018-01-07,EUR,BRL,3.9066
2018-01-08,EUR,BRL,3.8883
2018-01-09,EUR,BRL,3.8768
2018-01-10,EUR,BRL,3.8817
2018-01-11,EUR,BRL,3.8774
2018-01-12,EUR,BRL,3.8858
2018-01-13,EUR,BRL,3.8911
2018-01-14,EUR,BRL,3.8923
2018-01-15,EUR,BRL,3.9147
2018-01-16,EUR,BRL,3.9405
2018-01-17,EUR,BRL,3.9495
2018-01-18,EUR,BRL,3.9401
2018-01-19,EUR,BRL,3.9284
2018-01-20,EUR,BRL,3.9288
2018-01-21,EUR,BRL,3.9274
2018-01-22,EUR,BRL,3.9187
2018-01-23,EUR,BRL,3.9311
2018-01-24,EUR,BRL,3.9593
2018-01-25,EUR,BRL,3.9208
2018-01-26,EUR,BRL,3.9115
2018-01-27,EUR,BRL,3.9121
2018-01-28,EUR,BRL,3.9122
2018-01-29,EUR,BRL,3.9161
2018-01-30,EUR,BRL,3.9167
2018-01-31,EUR,BRL,3.946
2018-02-01,EUR,BRL,3.9484
2018-02-02,EUR,BRL,3.9748
2018-02-03,EUR,BRL,3.9772
2018-02-04,EUR,BRL,3.98
2018-02-05,EUR,BRL,4.0003
2018-02-06,EUR,BRL,4.0228
2018-02-07,EUR,BRL,4.0097
2018-02-08,EUR,BRL,4.0093
2018-02-09,EUR,BRL,4.0242
2018-02-10,EUR,BRL,4.026
2018-02-11,EUR,BRL,4.028
2018-02-12,EUR,BRL,4.0402
2018-02-13,EUR,BRL,4.056
2018-02-14,EUR,BRL,4.0614
2018-02-15,EUR,BRL,4.0315
2018-02-16,EUR,BRL,4.0329
2018-02-17,EUR,BRL,4.0328
2018-02-18,EUR,BRL,4.0329
2018-02-19,EUR,BRL,4.0141
2018-02-20,EUR,BRL,4.0085
2018-02-21,EUR,BRL,4.0085
2018-02-22,EUR,BRL,4.0115
2018-02-23,EUR,BRL,3.9991
2018-02-24,EUR,BRL,3.9985
2018-02-25,EUR,BRL,3.9978
2018-02-26,EUR,BRL,3.9903
2018-02-27,EUR,BRL,3.9851
2018-02-28,EUR,BRL,3.9735
2018-03-01,EUR,BRL,3.9697
2018-03-02,EUR,BRL,3.9896
2018-03-03,EUR,BRL,3.992
2018-03-04,EUR,BRL,3.9944
2018-03-05,EUR,BRL,4.0065
2018-03-06,EUR,BRL,3.9984
2018-03-07,EUR,BRL,3.9976
2018-03-08,EUR,BRL,4.0141
2018-03-09,EUR,BRL,4.0106
2018-03-10,EUR,BRL,4.0092
2018-03-11,EUR,BRL,4.0087
2018-03-12,EUR,BRL,4.0077
2018-03-13,EUR,BRL,4.0145
2018-03-14,EUR,BRL,4.0261
2018-03-15,EUR,BRL,4.0384
2018-03-16,EUR,BRL,4.043
2018-03-17,EUR,BRL,4.0424
2018-03-18,EUR,BRL,4.0431
2018-03-19,EUR,BRL,4.0375
2018-03-20,EUR,BRL,4.0492
2018-03-21,EUR,BRL,4.0477
2018-03-22,EUR,BRL,4.0515
2018-03-23,EUR,BRL,4.0668
2018-03-24,EUR,BRL,4.068
2018-03-25,EUR,BRL,4.071
2018-03-26,EUR,BRL,4.087
2018-03-27,EUR,BRL,4.1114
2018-03-28,EUR,BRL,4.1197
2018-03-29,EUR,BRL,4.1003
2018-03-30,EUR,BRL,4.0933
2018-03-31,EUR,BRL,4.0917
2018-04-01,EUR,BRL,4.0889
2018-04-02,EUR,BRL,4.0839
2018-04-03,EUR,BRL,4.0811
2018-04-04,EUR,BRL,4.1035
2018-04-05,EUR,BRL,4.0829
2018-04-06,EUR,BRL,4.0976
2018-04-07,EUR,BRL,4.0973
2018-04-08,EUR,BRL,4.1
2018-04-09,EUR,BRL,4.1352
2018-04-10,EUR,BRL,4.1894
2018-04-11,EUR,BRL,4.211
2018-04-12,EUR,BRL,4.1758
2018-04-13,EUR,BRL,4.1918
2018-04-14,EUR,BRL,4.1939
2018-04-15,EUR,BRL,4.1939
2018-04-16,EUR,BRL,4.2226
2018-04-17,EUR,BRL,4.2237
2018-04-18,EUR,BRL,4.2074
2018-04-19,EUR,BRL,4.194
2018-04-20,EUR,BRL,4.1851
2018-04-21,EUR,BRL,4.1834
2018-04-22,EUR,BRL,4.1836
2018-04-23,EUR,BRL,4.1896
2018-04-24,EUR,BRL,4.2079
2018-04-25,EUR,BRL,4.2419
2018-04-26,EUR,BRL,4.2386
2018-04-27,EUR,BRL,4.2096
2018-04-28,EUR,BRL,4.2086
2018-04-29,EUR,BRL,4.2064
2018-04-30,EUR,BRL,4.1988
2018-05-01,EUR,BRL,4.2041
2018-05-02,EUR,BRL,4.2213
2018-05-03,EUR,BRL,4.2394
2018-05-04,EUR,BRL,4.2322
2018-05-05,EUR,BRL,4.233
2018-05-06,EUR,BRL,4.2314
2018-05-07,EUR,BRL,4.2256
2018-05-08,EUR,BRL,4.2289
2018-05-09,EUR,BRL,4.235
2018-05-10,EUR,BRL,4.243
2018-05-11,EUR,BRL,4.2476
2018-05-12,EUR,BRL,4.2488
2018-05-13,EUR,BRL,4.2502
2018-05-14,EUR,BRL,4.2914
2018-05-15,EUR,BRL,4.3259
2018-05-16,EUR,BRL,4.3257
2018-05-17,EUR,BRL,4.3417
2018-05-18,EUR,BRL,4.3628
2018-05-19,EUR,BRL,4.3735
2018-05-20,EUR,BRL,4.3775
2018-05-21,EUR,BRL,4.3786
2018-05-22,EUR,BRL,4.3367
2018-05-23,EUR,BRL,4.2987
2018-05-24,EUR,BRL,4.2671
2018-05-25,EUR,BRL,4.2691
2018-05-26,EUR,BRL,4.267
2018-05-27,EUR,BRL,4.2667
2018-05-28,EUR,BRL,4.2903
2018-05-29,EUR,BRL,4.3216
2018-05-30,EUR,BRL,4.3198
2018-05-31,EUR,BRL,4.3473
2018-06-01,EUR,BRL,4.3601
2018-06-02,EUR,BRL,4.3615
2018-06-03,EUR,BRL,4.3644
2018-06-04,EUR,BRL,4.3834
2018-06-05,EUR,BRL,4.395
2018-06-06,EUR,BRL,4.457
2018-06-07,EUR,BRL,4.5484
2018-06-08,EUR,BRL,4.526
2018-06-09,EUR,BRL,4.5274
2018-06-10,EUR,BRL,4.5178
2018-06-11,EUR,BRL,4.4148
2018-06-12,EUR,BRL,4.3718
2018-06-13,EUR,BRL,4.3681
2018-06-14,EUR,BRL,4.3761
2018-06-15,EUR,BRL,4.3846
2018-06-16,EUR,BRL,4.3844
2018-06-17,EUR,BRL,4.385
2018-06-18,EUR,BRL,4.3529
2018-06-19,EUR,BRL,4.3449
2018-06-20,EUR,BRL,4.3349
2018-06-21,EUR,BRL,4.3601
2018-06-22,EUR,BRL,4.3731
2018-06-23,EUR,BRL,4.3753
2018-06-24,EUR,BRL,4.3787
2018-06-25,EUR,BRL,4.4018
2018-06-26,EUR,BRL,4.4138
2018-06-27,EUR,BRL,4.4264
2018-06-28,EUR,BRL,4.4576
2018-06-29,EUR,BRL,4.4808
2018-06-30,EUR,BRL,4.4837
2018-07-01,EUR,BRL,4.4872
2018-07-02,EUR,BRL,4.5175
2018-07-03,EUR,BRL,4.5365
2018-07-04,EUR,BRL,4.5394
2018-07-05,EUR,BRL,4.5605
2018-07-06,EUR,BRL,4.5868
2018-07-07,EUR,BRL,4.5909
2018-07-08,EUR,BRL,4.5898
2018-07-09,EUR,BRL,4.5608
2018-07-10,EUR,BRL,4.5382
2018-07-11,EUR,BRL,4.5046
2018-07-12,EUR,BRL,4.5163
2018-07-13,EUR,BRL,4.5219
2018-07-14,EUR,BRL,4.5222
2018-07-15,EUR,BRL,4.5203
2018-07-16,EUR,BRL,4.5119
2018-07-17,EUR,BRL,4.5205
2018-07-18,EUR,BRL,4.4824
2018-07-19,EUR,BRL,4.4857
2018-07-20,EUR,BRL,4.4591
2018-07-21,EUR,BRL,4.4586
2018-07-22,EUR,BRL,4.4545
2018-07-23,EUR,BRL,4.4382
2018-07-24,EUR,BRL,4.4187
2018-07-25,EUR,BRL,4.3819
2018-07-26,EUR,BRL,4.3559
2018-07-27,EUR,BRL,4.3512
2018-07-28,EUR,BRL,4.3493
2018-07-29,EUR,BRL,4.3491
2018-07-30,EUR,BRL,4.3472
2018-07-31,EUR,BRL,4.3773
2018-08-01,EUR,BRL,4.3891
2018-08-02,EUR,BRL,4.3759
2018-08-03,EUR,BRL,4.3438
2018-08-04,EUR,BRL,4.3419
2018-08-05,EUR,BRL,4.3386
2018-08-06,EUR,BRL,4.3042
2018-08-07,EUR,BRL,4.3111
2018-08-08,EUR,BRL,4.3522
2018-08-09,EUR,BRL,4.3798
2018-08-10,EUR,BRL,4.3872
2018-08-11,EUR,BRL,4.3858
2018-08-12,EUR,BRL,4.3898
2018-08-13,EUR,BRL,4.4164
2018-08-14,EUR,BRL,4.4239
2018-08-15,EUR,BRL,4.4135
2018-08-16,EUR,BRL,4.4266
2018-08-17,EUR,BRL,4.4633
2018-08-18,EUR,BRL,4.4672
2018-08-19,EUR,BRL,4.4669
2018-08-20,EUR,BRL,4.4811
2018-08-21,EUR,BRL,4.5479
2018-08-22,EUR,BRL,4.6346
2018-08-23,EUR,BRL,4.6713
2018-08-24,EUR,BRL,4.7296
2018-08-25,EUR,BRL,4.7381
2018-08-26,EUR,BRL,4.7429
2018-08-27,EUR,BRL,4.7545
2018-08-28,EUR,BRL,4.7834
2018-08-29,EUR,BRL,4.8251
2018-08-30,EUR,BRL,4.8283
2018-08-31,EUR,BRL,4.827
2018-09-01,EUR,BRL,4.8276
2018-09-02,EUR,BRL,4.8235
2018-09-03,EUR,BRL,4.7658
2018-09-04,EUR,BRL,4.807
2018-09-05,EUR,BRL,4.8186
2018-09-06,EUR,BRL,4.8117
2018-09-07,EUR,BRL,4.7481
2018-09-08,EUR,BRL,4.7442
2018-09-09,EUR,BRL,4.7373
2018-09-10,EUR,BRL,4.7186
2018-09-11,EUR,BRL,4.7603
2018-09-12,EUR,BRL,4.7937
2018-09-13,EUR,BRL,4.8245
2018-09-14,EUR,BRL,4.8814
2018-09-15,EUR,BRL,4.8869
2018-09-16,EUR,BRL,4.8888
2018-09-17,EUR,BRL,4.8731
2018-09-18,EUR,BRL,4.8448
2018-09-19,EUR,BRL,4.8497
2018-09-20,EUR,BRL,4.8313
2018-09-21,EUR,BRL,4.8078
2018-09-22,EUR,BRL,4.8055
2018-09-23,EUR,BRL,4.8006
2018-09-24,EUR,BRL,4.7841
2018-09-25,EUR,BRL,4.8112
2018-09-26,EUR,BRL,4.7955
2018-09-27,EUR,BRL,4.733
2018-09-28,EUR,BRL,4.681
2018-09-29,EUR,BRL,4.6767
2018-09-30,EUR,BRL,4.6753
2018-10-01,EUR,BRL,4.6825
2018-10-02,EUR,BRL,4.6266
2018-10-03,EUR,BRL,4.5401
2018-10-04,EUR,BRL,4.5039
2018-10-05,EUR,BRL,4.469
2018-10-06,EUR,BRL,4.4655
2018-10-07,EUR,BRL,4.4601
2018-10-08,EUR,BRL,4.4017
2018-10-09,EUR,BRL,4.3306
2018-10-10,EUR,BRL,4.3011
2018-10-11,EUR,BRL,4.3316
2018-10-12,EUR,BRL,4.3633
2018-10-13,EUR,BRL,4.3645
2018-10-14,EUR,BRL,4.3666
2018-10-15,EUR,BRL,4.3622
2018-10-16,EUR,BRL,4.3289
2018-10-17,EUR,BRL,4.3047
2018-10-18,EUR,BRL,4.2628
2018-10-19,EUR,BRL,4.258
2018-10-20,EUR,BRL,4.2561
2018-10-21,EUR,BRL,4.257
2018-10-22,EUR,BRL,4.2633
2018-10-23,EUR,BRL,4.2468
2018-10-24,EUR,BRL,4.2392
2018-10-25,EUR,BRL,4.2428
2018-10-26,EUR,BRL,4.2167
2018-10-27,EUR,BRL,4.2151
2018-10-28,EUR,BRL,4.2086
2018-10-29,EUR,BRL,4.1667
2018-10-30,EUR,BRL,4.2111
2018-10-31,EUR,BRL,4.2071
2018-11-01,EUR,BRL,4.2114
2018-11-02,EUR,BRL,4.224
2018-11-03,EUR,BRL,4.2252
2018-11-04,EUR,BRL,4.2246
2018-11-05,EUR,BRL,4.2247
2018-11-06,EUR,BRL,4.2538
2018-11-07,EUR,BRL,4.2926
2018-11-08,EUR,BRL,4.2777
2018-11-09,EUR,BRL,4.2646
2018-11-10,EUR,BRL,4.2647
2018-11-11,EUR,BRL,4.2635
2018-11-12,EUR,BRL,4.2335
2018-11-13,EUR,BRL,4.2431
2018-11-14,EUR,BRL,4.2811
2018-11-15,EUR,BRL,4.2827
2018-11-16,EUR,BRL,4.2787
2018-11-17,EUR,BRL,4.2809
2018-11-18,EUR,BRL,4.2803
2018-11-19,EUR,BRL,4.2842
2018-11-20,EUR,BRL,4.296
2018-11-21,EUR,BRL,4.2998
2018-11-22,EUR,BRL,4.3215
2018-11-23,EUR,BRL,4.3311
2018-11-24,EUR,BRL,4.3307
2018-11-25,EUR,BRL,4.3342
2018-11-26,EUR,BRL,4.3622
2018-11-27,EUR,BRL,4.4158
2018-11-28,EUR,BRL,4.3789
2018-11-29,EUR,BRL,4.3828
2018-11-30,EUR,BRL,4.3845
2018-12-01,EUR,BRL,4.3851
2018-12-02,EUR,BRL,4.3854
2018-12-03,EUR,BRL,4.3688
2018-12-04,EUR,BRL,4.3714
2018-12-05,EUR,BRL,4.372
2018-12-06,EUR,BRL,4.4059
2018-12-07,EUR,BRL,4.4198
2018-12-08,EUR,BRL,4.4208
2018-12-09,EUR,BRL,4.4241
2018-12-10,EUR,BRL,4.4516
2018-12-11,EUR,BRL,4.449
2018-12-12,EUR,BRL,4.4128
2018-12-13,EUR,BRL,4.401
2018-12-14,EUR,BRL,4.4165
2018-12-15,EUR,BRL,4.4149
2018-12-16,EUR,BRL,4.416
2018-12-17,EUR,BRL,4.4225
2018-12-18,EUR,BRL,4.4345
2018-12-19,EUR,BRL,4.4453
2018-12-20,EUR,BRL,4.4307
2018-12-21,EUR,BRL,4.4211
2018-12-22,EUR,BRL,4.4193
2018-12-23,EUR,BRL,4.419
2018-12-24,EUR,BRL,4.4283
2018-12-25,EUR,BRL,4.437
2018-12-26,EUR,BRL,4.4486
2018-12-27,EUR,BRL,4.466
2018-12-28,EUR,BRL,4.447
2018-12-29,EUR,BRL,4.4463
2018-12-30,EUR,BRL,4.4448
2018-12-31,EUR,BRL,4.4414
2019-01-01,EUR,BRL,4.4417
2019-01-02,EUR,BRL,4.4223
2019-01-03,EUR,BRL,4.3239
2019-01-04,EUR,BRL,4.2942
2019-01-05,EUR,BRL,4.2912
2019-01-06,EUR,BRL,4.2845
2019-01-07,EUR,BRL,4.2503
2019-01-08,EUR,BRL,4.2695
2019-01-09,EUR,BRL,4.2479
2019-01-10,EUR,BRL,4.2536
2019-01-11,EUR,BRL,4.2687
2019-01-12,EUR,BRL,4.2699
2019-01-13,EUR,BRL,4.2711
2019-01-14,EUR,BRL,4.2642
2019-01-15,EUR,BRL,4.2492
2019-01-16,EUR,BRL,4.2428
2019-01-17,EUR,BRL,4.2637
2019-01-18,EUR,BRL,4.2742
2019-01-19,EUR,BRL,4.2742
2019-01-20,EUR,BRL,4.2754
2019-01-21,EUR,BRL,4.2788
2019-01-22,EUR,BRL,4.2731
2019-01-23,EUR,BRL,4.3101
2019-01-24,EUR,BRL,4.2907
2019-01-25,EUR,BRL,4.2776
2019-01-26,EUR,BRL,4.2778
2019-01-27,EUR,BRL,4.2787
2019-01-28,EUR,BRL,4.2963
2019-01-29,EUR,BRL,4.2924
2019-01-30,EUR,BRL,4.2588
2019-01-31,EUR,BRL,4.2277
2019-02-01,EUR,BRL,4.2035
2019-02-02,EUR,BRL,4.2008
2019-02-03,EUR,BRL,4.1979
2019-02-04,EUR,BRL,4.1993
2019-02-05,EUR,BRL,4.1973
2019-02-06,EUR,BRL,4.1982
2019-02-07,EUR,BRL,4.2095
2019-02-08,EUR,BRL,4.2147
2019-02-09,EUR,BRL,4.2131
2019-02-10,EUR,BRL,4.215
2019-02-11,EUR,BRL,4.2267
2019-02-12,EUR,BRL,4.2218
2019-02-13,EUR,BRL,4.2164
2019-02-14,EUR,BRL,4.2374
2019-02-15,EUR,BRL,4.2082
2019-02-16,EUR,BRL,4.2058
2019-02-17,EUR,BRL,4.2023
2019-02-18,EUR,BRL,4.2011
2019-02-19,EUR,BRL,4.213
2019-02-20,EUR,BRL,4.2176
2019-02-21,EUR,BRL,4.2354
2019-02-22,EUR,BRL,4.25
2019-02-23,EUR,BRL,4.2512
2019-02-24,EUR,BRL,4.252
2019-02-25,EUR,BRL,4.2464
2019-02-26,EUR,BRL,4.2609
2019-02-27,EUR,BRL,4.2605
2019-02-28,EUR,BRL,4.2554
2019-03-01,EUR,BRL,4.2785
2019-03-02,EUR,BRL,4.2791
2019-03-03,EUR,BRL,4.2819
2019-03-04,EUR,BRL,4.285
2019-03-05,EUR,BRL,4.2776
2019-03-06,EUR,BRL,4.2801
2019-03-07,EUR,BRL,4.3296
2019-03-08,EUR,BRL,4.3436
2019-03-09,EUR,BRL,4.3454
2019-03-10,EUR,BRL,4.3462
2019-03-11,EUR,BRL,4.3407
2019-03-12,EUR,BRL,4.3208
2019-03-13,EUR,BRL,4.315
2019-03-14,EUR,BRL,4.3284
2019-03-15,EUR,BRL,4.3431
2019-03-16,EUR,BRL,4.3438
2019-03-17,EUR,BRL,4.3436
2019-03-18,EUR,BRL,4.3295
2019-03-19,EUR,BRL,4.3047
2019-03-20,EUR,BRL,4.3008
2019-03-21,EUR,BRL,4.3123
2019-03-22,EUR,BRL,4.3432
2019-03-23,EUR,BRL,4.3445
2019-03-24,EUR,BRL,4.3515
2019-03-25,EUR,BRL,4.3889
2019-03-26,EUR,BRL,4.369
2019-03-27,EUR,BRL,4.3929
2019-03-28,EUR,BRL,4.4577
2019-03-29,EUR,BRL,4.4046
2019-03-30,EUR,BRL,4.4025
2019-03-31,EUR,BRL,4.3977
2019-04-01,EUR,BRL,4.3853
2019-04-02,EUR,BRL,4.3378
2019-04-03,EUR,BRL,4.3293
2019-04-04,EUR,BRL,4.3446
2019-04-05,EUR,BRL,4.3382
2019-04-06,EUR,BRL,4.3369
2019-04-07,EUR,BRL,4.3378
2019-04-08,EUR,BRL,4.3489
2019-04-09,EUR,BRL,4.3438
2019-04-10,EUR,BRL,4.3334
2019-04-11,EUR,BRL,4.3247
2019-04-12,EUR,BRL,4.3588
2019-04-13,EUR,BRL,4.3614
2019-04-14,EUR,BRL,4.3655
2019-04-15,EUR,BRL,4.3841
2019-04-16,EUR,BRL,4.3868
2019-04-17,EUR,BRL,4.4126
2019-04-18,EUR,BRL,4.4331
2019-04-19,EUR,BRL,4.4309
2019-04-20,EUR,BRL,4.4314
2019-04-21,EUR,BRL,4.431
2019-04-22,EUR,BRL,4.423
2019-04-23,EUR,BRL,4.4264
2019-04-24,EUR,BRL,4.4148
2019-04-25,EUR,BRL,4.435
2019-04-26,EUR,BRL,4.4161
2019-04-27,EUR,BRL,4.4161
2019-04-28,EUR,BRL,4.4124
2019-04-29,EUR,BRL,4.3971
2019-04-30,EUR,BRL,4.4116
2019-05-01,EUR,BRL,4.4116
2019-05-02,EUR,BRL,4.4072
2019-05-03,EUR,BRL,4.4152
2019-05-04,EUR,BRL,4.4159
2019-05-05,EUR,BRL,4.4167
2019-05-06,EUR,BRL,4.4242
2019-05-07,EUR,BRL,4.445
2019-05-08,EUR,BRL,4.4362
2019-05-09,EUR,BRL,4.4249
2019-05-10,EUR,BRL,4.4392
2019-05-11,EUR,BRL,4.4402
2019-05-12,EUR,BRL,4.4428
2019-05-13,EUR,BRL,4.4616
2019-05-14,EUR,BRL,4.4777
2019-05-15,EUR,BRL,4.4665
2019-05-16,EUR,BRL,4.4846
2019-05-17,EUR,BRL,4.521
2019-05-18,EUR,BRL,4.5242
2019-05-19,EUR,BRL,4.5301
2019-05-20,EUR,BRL,4.5625
2019-05-21,EUR,BRL,4.5633
2019-05-22,EUR,BRL,4.5223
2019-05-23,EUR,BRL,4.5157
2019-05-24,EUR,BRL,4.5212
2019-05-25,EUR,BRL,4.5218
2019-05-26,EUR,BRL,4.5191
2019-05-27,EUR,BRL,4.5083
2019-05-28,EUR,BRL,4.5147
2019-05-29,EUR,BRL,4.4905
2019-05-30,EUR,BRL,4.4454
2019-05-31,EUR,BRL,4.4299
2019-06-01,EUR,BRL,4.4298
2019-06-02,EUR,BRL,4.4259
2019-06-03,EUR,BRL,4.39
2019-06-04,EUR,BRL,4.3717
2019-06-05,EUR,BRL,4.3592
2019-06-06,EUR,BRL,4.3625
2019-06-07,EUR,BRL,4.3727
2019-06-08,EUR,BRL,4.3733
2019-06-09,EUR,BRL,4.3735
2019-06-10,EUR,BRL,4.3851
2019-06-11,EUR,BRL,4.3931
2019-06-12,EUR,BRL,4.3698
2019-06-13,EUR,BRL,4.3599
2019-06-14,EUR,BRL,4.3553
2019-06-15,EUR,BRL,4.3531
2019-06-16,EUR,BRL,4.3537
2019-06-17,EUR,BRL,4.3683
2019-06-18,EUR,BRL,4.353
2019-06-19,EUR,BRL,4.3362
2019-06-20,EUR,BRL,4.3347
2019-06-21,EUR,BRL,4.333
2019-06-22,EUR,BRL,4.3338
2019-06-23,EUR,BRL,4.3333
2019-06-24,EUR,BRL,4.3545
2019-06-25,EUR,BRL,4.3606
2019-06-26,EUR,BRL,4.3676
2019-06-27,EUR,BRL,4.3748
2019-06-28,EUR,BRL,4.3567
2019-06-29,EUR,BRL,4.3553
2019-06-30,EUR,BRL,4.3564
2019-07-01,EUR,BRL,4.3562
2019-07-02,EUR,BRL,4.3439
2019-07-03,EUR,BRL,4.3449
2019-07-04,EUR,BRL,4.3185
2019-07-05,EUR,BRL,4.2946
2019-07-06,EUR,BRL,4.2912
2019-07-07,EUR,BRL,4.2897
2019-07-08,EUR,BRL,4.2856
2019-07-09,EUR,BRL,4.2674
2019-07-10,EUR,BRL,4.2561
2019-07-11,EUR,BRL,4.2372
2019-07-12,EUR,BRL,4.2308
2019-07-13,EUR,BRL,4.23
2019-07-14,EUR,BRL,4.2282
2019-07-15,EUR,BRL,4.2216
2019-07-16,EUR,BRL,4.2234
2019-07-17,EUR,BRL,4.2223
2019-07-18,EUR,BRL,4.2196
2019-07-19,EUR,BRL,4.2003
2019-07-20,EUR,BRL,4.1986
2019-07-21,EUR,BRL,4.1972
2019-07-22,EUR,BRL,4.202
2019-07-23,EUR,BRL,4.1967
2019-07-24,EUR,BRL,4.1993
2019-07-25,EUR,BRL,4.2003
2019-07-26,EUR,BRL,4.2057
2019-07-27,EUR,BRL,4.2069
2019-07-28,EUR,BRL,4.2072
2019-07-29,EUR,BRL,4.211
2019-07-30,EUR,BRL,4.2157
2019-07-31,EUR,BRL,4.2193
2019-08-01,EUR,BRL,4.2235
2019-08-02,EUR,BRL,4.2642
2019-08-03,EUR,BRL,4.2658
2019-08-04,EUR,BRL,4.2729
2019-08-05,EUR,BRL,4.3385
2019-08-06,EUR,BRL,4.424
2019-08-07,EUR,BRL,4.4407
2019-08-08,EUR,BRL,4.4323
2019-08-09,EUR,BRL,4.4059
2019-08-10,EUR,BRL,4.4065
2019-08-11,EUR,BRL,4.4063
2019-08-12,EUR,BRL,4.4296
2019-08-13,EUR,BRL,4.4455
2019-08-14,EUR,BRL,4.454
2019-08-15,EUR,BRL,4.481
2019-08-16,EUR,BRL,4.4456
2019-08-17,EUR,BRL,4.4425
2019-08-18,EUR,BRL,4.4411
2019-08-19,EUR,BRL,4.4484
2019-08-20,EUR,BRL,4.4886
2019-08-21,EUR,BRL,4.4874
2019-08-22,EUR,BRL,4.4763
2019-08-23,EUR,BRL,4.5125
2019-08-24,EUR,BRL,4.5145
2019-08-25,EUR,BRL,4.5215
2019-08-26,EUR,BRL,4.5754
2019-08-27,EUR,BRL,4.6062
2019-08-28,EUR,BRL,4.594
2019-08-29,EUR,BRL,4.6093
2019-08-30,EUR,BRL,4.5968
2019-08-31,EUR,BRL,4.5972
2019-09-01,EUR,BRL,4.5959
2019-09-02,EUR,BRL,4.5657
2019-09-03,EUR,BRL,4.5773
2019-09-04,EUR,BRL,4.5663
2019-09-05,EUR,BRL,4.5269
2019-09-06,EUR,BRL,4.5244
2019-09-07,EUR,BRL,4.5242
2019-09-08,EUR,BRL,4.5223
2019-09-09,EUR,BRL,4.4972
2019-09-10,EUR,BRL,4.5212
2019-09-11,EUR,BRL,4.4989
2019-09-12,EUR,BRL,4.4758
2019-09-13,EUR,BRL,4.4946
2019-09-14,EUR,BRL,4.4976
2019-09-15,EUR,BRL,4.4994
2019-09-16,EUR,BRL,4.514
2019-09-17,EUR,BRL,4.5083
2019-09-18,EUR,BRL,4.5131
2019-09-19,EUR,BRL,4.5464
2019-09-20,EUR,BRL,4.5877
2019-09-21,EUR,BRL,4.5905
2019-09-22,EUR,BRL,4.5935
2019-09-23,EUR,BRL,4.575
2019-09-24,EUR,BRL,4.5794
2019-09-25,EUR,BRL,4.5872
2019-09-26,EUR,BRL,4.548
2019-09-27,EUR,BRL,4.5504
2019-09-28,EUR,BRL,4.5518
2019-09-29,EUR,BRL,4.5521
2019-09-30,EUR,BRL,4.5492
2019-10-01,EUR,BRL,4.5404
2019-10-02,EUR,BRL,4.5425
2019-10-03,EUR,BRL,4.523
2019-10-04,EUR,BRL,4.4885
2019-10-05,EUR,BRL,4.486
2019-10-06,EUR,BRL,4.4816
2019-10-07,EUR,BRL,4.4687
2019-10-08,EUR,BRL,4.4937
2019-10-09,EUR,BRL,4.4922
2019-10-10,EUR,BRL,4.5149
2019-10-11,EUR,BRL,4.5225
2019-10-12,EUR,BRL,4.5242
2019-10-13,EUR,BRL,4.5258
2019-10-14,EUR,BRL,4.5317
2019-10-15,EUR,BRL,4.5539
2019-10-16,EUR,BRL,4.5982
2019-10-17,EUR,BRL,4.6072
2019-10-18,EUR,BRL,4.6206
2019-10-19,EUR,BRL,4.6237
2019-10-20,EUR,BRL,4.6231
2019-10-21,EUR,BRL,4.6078
2019-10-22,EUR,BRL,4.5925
2019-10-23,EUR,BRL,4.5482
2019-10-24,EUR,BRL,4.5017
2019-10-25,EUR,BRL,4.4823
2019-10-26,EUR,BRL,4.4792
2019-10-27,EUR,BRL,4.4758
2019-10-28,EUR,BRL,4.4414
2019-10-29,EUR,BRL,4.4338
2019-10-30,EUR,BRL,4.4497
2019-10-31,EUR,BRL,4.4607
2019-11-01,EUR,BRL,4.4599
2019-11-02,EUR,BRL,4.4603
2019-11-03,EUR,BRL,4.4603
2019-11-04,EUR,BRL,4.4591
2019-11-05,EUR,BRL,4.4647
2019-11-06,EUR,BRL,4.4449
2019-11-07,EUR,BRL,4.504
2019-11-08,EUR,BRL,4.5376
2019-11-09,EUR,BRL,4.5389
2019-11-10,EUR,BRL,4.5413
2019-11-11,EUR,BRL,4.5696
2019-11-12,EUR,BRL,4.5858
2019-11-13,EUR,BRL,4.5943
2019-11-14,EUR,BRL,4.5979
2019-11-15,EUR,BRL,4.6148
2019-11-16,EUR,BRL,4.6175
2019-11-17,EUR,BRL,4.6198
2019-11-18,EUR,BRL,4.6365
2019-11-19,EUR,BRL,4.6522
2019-11-20,EUR,BRL,4.6491
2019-11-21,EUR,BRL,4.6491
2019-11-22,EUR,BRL,4.6414
2019-11-23,EUR,BRL,4.64
2019-11-24,EUR,BRL,4.639
2019-11-25,EUR,BRL,4.6331
2019-11-26,EUR,BRL,4.6614
2019-11-27,EUR,BRL,4.6704
2019-11-28,EUR,BRL,4.6775
2019-11-29,EUR,BRL,4.6492
2019-11-30,EUR,BRL,4.6478
2019-12-01,EUR,BRL,4.647
2019-12-02,EUR,BRL,4.6614
2019-12-03,EUR,BRL,4.6663
2019-12-04,EUR,BRL,4.6577
2019-12-05,EUR,BRL,4.6651
2019-12-06,EUR,BRL,4.6462
2019-12-07,EUR,BRL,4.6446
2019-12-08,EUR,BRL,4.6397
2019-12-09,EUR,BRL,4.5968
2019-12-10,EUR,BRL,4.5942
2019-12-11,EUR,BRL,4.5847
2019-12-12,EUR,BRL,4.5819
2019-12-13,EUR,BRL,4.5747
2019-12-14,EUR,BRL,4.5731
2019-12-15,EUR,BRL,4.5723
2019-12-16,EUR,BRL,4.5632
2019-12-17,EUR,BRL,4.5393
2019-12-18,EUR,BRL,4.5317
2019-12-19,EUR,BRL,4.5246
2019-12-20,EUR,BRL,4.5283
2019-12-21,EUR,BRL,4.5267
2019-12-22,EUR,BRL,4.5277
2019-12-23,EUR,BRL,4.5351
2019-12-24,EUR,BRL,4.5342
2019-12-25,EUR,BRL,4.5338
2019-12-26,EUR,BRL,4.5284
2019-12-27,EUR,BRL,4.5208
2019-12-28,EUR,BRL,4.5207
2019-12-29,EUR,BRL,4.52
2019-12-30,EUR,BRL,4.5234
2019-12-31,EUR,BRL,4.5184
2020-01-01,EUR,BRL,4.5162
2020-01-02,EUR,BRL,4.5081
2020-01-03,EUR,BRL,4.5077
2020-01-04,EUR,BRL,4.5078
2020-01-05,EUR,BRL,4.5092
2020-01-06,EUR,BRL,4.5323
2020-01-07,EUR,BRL,4.5492
2020-01-08,EUR,BRL,4.5317
2020-01-09,EUR,BRL,4.5227
2020-01-10,EUR,BRL,4.5332
2020-01-11,EUR,BRL,4.5334
2020-01-12,EUR,BRL,4.5328
2020-01-13,EUR,BRL,4.5656
2020-01-14,EUR,BRL,4.6021
2020-01-15,EUR,BRL,4.6125
2020-01-16,EUR,BRL,4.6464
2020-01-17,EUR,BRL,4.6484
2020-01-18,EUR,BRL,4.6494
2020-01-19,EUR,BRL,4.648
2020-01-20,EUR,BRL,4.633
2020-01-21,EUR,BRL,4.6475
2020-01-22,EUR,BRL,4.654
2020-01-23,EUR,BRL,4.6364
2020-01-24,EUR,BRL,4.6211
2020-01-25,EUR,BRL,4.6197
2020-01-26,EUR,BRL,4.6184
2020-01-27,EUR,BRL,4.6255
2020-01-28,EUR,BRL,4.6337
2020-01-29,EUR,BRL,4.6244
2020-01-30,EUR,BRL,4.6635
2020-01-31,EUR,BRL,4.694
2020-02-01,EUR,BRL,4.6983
2020-02-02,EUR,BRL,4.7042
2020-02-03,EUR,BRL,4.7186
2020-02-04,EUR,BRL,4.701
2020-02-05,EUR,BRL,4.6884
2020-02-06,EUR,BRL,4.6679
2020-02-07,EUR,BRL,4.6962
2020-02-08,EUR,BRL,4.6987
2020-02-09,EUR,BRL,4.7003
2020-02-10,EUR,BRL,4.7197
2020-02-11,EUR,BRL,4.715
2020-02-12,EUR,BRL,4.7221
2020-02-13,EUR,BRL,4.7243
2020-02-14,EUR,BRL,4.7042
2020-02-15,EUR,BRL,4.7045
2020-02-16,EUR,BRL,4.6988
2020-02-17,EUR,BRL,4.6746
2020-02-18,EUR,BRL,4.6895
2020-02-19,EUR,BRL,4.7038
2020-02-20,EUR,BRL,4.718
2020-02-21,EUR,BRL,4.7317
2020-02-22,EUR,BRL,4.7339
2020-02-23,EUR,BRL,4.7367
2020-02-24,EUR,BRL,4.7468
2020-02-25,EUR,BRL,4.754
2020-02-26,EUR,BRL,4.7747
2020-02-27,EUR,BRL,4.8516
2020-02-28,EUR,BRL,4.9165
2020-02-29,EUR,BRL,4.924
2020-03-01,EUR,BRL,4.9279
2020-03-02,EUR,BRL,4.9562
2020-03-03,EUR,BRL,4.9922
2020-03-04,EUR,BRL,5.0252
2020-03-05,EUR,BRL,5.1058
2020-03-06,EUR,BRL,5.181
2020-03-07,EUR,BRL,5.1931
2020-03-08,EUR,BRL,5.2043
2020-03-09,EUR,BRL,5.3045
2020-03-10,EUR,BRL,5.3272
2020-03-11,EUR,BRL,5.2857
2020-03-12,EUR,BRL,5.4072
2020-03-13,EUR,BRL,5.3376
2020-03-14,EUR,BRL,5.3302
2020-03-15,EUR,BRL,5.3297
2020-03-16,EUR,BRL,5.4316
2020-03-17,EUR,BRL,5.5347
2020-03-18,EUR,BRL,5.5462
2020-03-19,EUR,BRL,5.5544
2020-03-20,EUR,BRL,5.4535
2020-03-21,EUR,BRL,5.45
2020-03-22,EUR,BRL,5.4498
2020-03-23,EUR,BRL,5.4389
2020-03-24,EUR,BRL,5.5178
2020-03-25,EUR,BRL,5.5026
2020-03-26,EUR,BRL,5.4952
2020-03-27,EUR,BRL,5.5686
2020-03-28,EUR,BRL,5.5737
2020-03-29,EUR,BRL,5.5824
2020-03-30,EUR,BRL,5.6534
2020-03-31,EUR,BRL,5.6959
2020-04-01,EUR,BRL,5.7216
2020-04-02,EUR,BRL,5.7244
2020-04-03,EUR,BRL,5.7078
2020-04-04,EUR,BRL,5.7049
2020-04-05,EUR,BRL,5.7095
2020-04-06,EUR,BRL,5.7305
2020-04-07,EUR,BRL,5.7118
2020-04-08,EUR,BRL,5.6837
2020-04-09,EUR,BRL,5.6218
2020-04-10,EUR,BRL,5.6174
2020-04-11,EUR,BRL,5.6131
2020-04-12,EUR,BRL,5.6058
2020-04-13,EUR,BRL,5.6109
2020-04-14,EUR,BRL,5.6599
2020-04-15,EUR,BRL,5.686
2020-04-16,EUR,BRL,5.6976
2020-04-17,EUR,BRL,5.6913
2020-04-18,EUR,BRL,5.6906
2020-04-19,EUR,BRL,5.69
2020-04-20,EUR,BRL,5.7104
2020-04-21,EUR,BRL,5.7395
2020-04-22,EUR,BRL,5.7763
2020-04-23,EUR,BRL,5.858
2020-04-24,EUR,BRL,5.9551
2020-04-25,EUR,BRL,5.9794
2020-04-26,EUR,BRL,5.9905
2020-04-27,EUR,BRL,6.0549
2020-04-28,EUR,BRL,6.0872
2020-04-29,EUR,BRL,5.969
2020-04-30,EUR,BRL,5.8683
2020-05-01,EUR,BRL,5.8856
2020-05-02,EUR,BRL,5.8845
2020-05-03,EUR,BRL,5.8938
2020-05-04,EUR,BRL,6.0045
2020-05-05,EUR,BRL,6.0132
2020-05-06,EUR,BRL,6.0512
2020-05-07,EUR,BRL,6.1668
2020-05-08,EUR,BRL,6.2308
2020-05-09,EUR,BRL,6.2632
2020-05-10,EUR,BRL,6.2673
2020-05-11,EUR,BRL,6.2293
2020-05-12,EUR,BRL,6.2695
2020-05-13,EUR,BRL,6.3574
2020-05-14,EUR,BRL,6.3722
2020-05-15,EUR,BRL,6.3146
2020-05-16,EUR,BRL,6.3149
2020-05-17,EUR,BRL,6.3132
2020-05-18,EUR,BRL,6.3018
2020-05-19,EUR,BRL,6.2656
2020-05-20,EUR,BRL,6.2769
2020-05-21,EUR,BRL,6.2354
2020-05-22,EUR,BRL,6.1293
2020-05-23,EUR,BRL,6.1163
2020-05-24,EUR,BRL,6.112
2020-05-25,EUR,BRL,6.0498
2020-05-26,EUR,BRL,5.9595
2020-05-27,EUR,BRL,5.8823
2020-05-28,EUR,BRL,5.8686
2020-05-29,EUR,BRL,5.9491
2020-05-30,EUR,BRL,5.9526
2020-05-31,EUR,BRL,5.9571
2020-06-01,EUR,BRL,5.9575
2020-06-02,EUR,BRL,5.9415
2020-06-03,EUR,BRL,5.8285
2020-06-04,EUR,BRL,5.7208
2020-06-05,EUR,BRL,5.7412
2020-06-06,EUR,BRL,5.7397
2020-06-07,EUR,BRL,5.7314
2020-06-08,EUR,BRL,5.6113
2020-06-09,EUR,BRL,5.5323
2020-06-10,EUR,BRL,5.5468
2020-06-11,EUR,BRL,5.6237
2020-06-12,EUR,BRL,5.6631
2020-06-13,EUR,BRL,5.6637
2020-06-14,EUR,BRL,5.6676
2020-06-15,EUR,BRL,5.7326
2020-06-16,EUR,BRL,5.7949
2020-06-17,EUR,BRL,5.8711
2020-06-18,EUR,BRL,5.9149
2020-06-19,EUR,BRL,5.9852
2020-06-20,EUR,BRL,5.9843
2020-06-21,EUR,BRL,5.9887
2020-06-22,EUR,BRL,5.9369
2020-06-23,EUR,BRL,5.9096
2020-06-24,EUR,BRL,5.8826
2020-06-25,EUR,BRL,5.9791
2020-06-26,EUR,BRL,6.0408
2020-06-27,EUR,BRL,6.0424
2020-06-28,EUR,BRL,6.0508
2020-06-29,EUR,BRL,6.1182
2020-06-30,EUR,BRL,6.1056
2020-07-01,EUR,BRL,6.0963
2020-07-02,EUR,BRL,6.0222
2020-07-03,EUR,BRL,6.0205
2020-07-04,EUR,BRL,6.0161
2020-07-05,EUR,BRL,6.0147
2020-07-06,EUR,BRL,6.001
2020-07-07,EUR,BRL,6.047
2020-07-08,EUR,BRL,6.0544
2020-07-09,EUR,BRL,6.0522
2020-07-10,EUR,BRL,6.0465
2020-07-11,EUR,BRL,6.0472
2020-07-12,EUR,BRL,6.0451
2020-07-13,EUR,BRL,6.0435
2020-07-14,EUR,BRL,6.1052
2020-07-15,EUR,BRL,6.1102
2020-07-16,EUR,BRL,6.1135
2020-07-17,EUR,BRL,6.1015
2020-07-18,EUR,BRL,6.1025
2020-07-19,EUR,BRL,6.1045
2020-07-20,EUR,BRL,6.1391
2020-07-21,EUR,BRL,6.0844
2020-07-22,EUR,BRL,5.9824
2020-07-23,EUR,BRL,5.9596
2020-07-24,EUR,BRL,6.0303
2020-07-25,EUR,BRL,6.0326
2020-07-26,EUR,BRL,6.0405
2020-07-27,EUR,BRL,6.089
2020-07-28,EUR,BRL,6.0592
2020-07-29,EUR,BRL,6.0461
2020-07-30,EUR,BRL,6.0802
2020-07-31,EUR,BRL,6.1108
2020-08-01,EUR,BRL,6.1111
2020-08-02,EUR,BRL,6.1127
2020-08-03,EUR,BRL,6.1474
2020-08-04,EUR,BRL,6.229
2020-08-05,EUR,BRL,6.2425
2020-08-06,EUR,BRL,6.2823
2020-08-07,EUR,BRL,6.3203
2020-08-08,EUR,BRL,6.3233
2020-08-09,EUR,BRL,6.3325
2020-08-10,EUR,BRL,6.3631
2020-08-11,EUR,BRL,6.4016
2020-08-12,EUR,BRL,6.3677
2020-08-13,EUR,BRL,6.3832
2020-08-14,EUR,BRL,6.3679
2020-08-15,EUR,BRL,6.3667
2020-08-16,EUR,BRL,6.3661
2020-08-17,EUR,BRL,6.4183
2020-08-18,EUR,BRL,6.4937
2020-08-19,EUR,BRL,6.5209
2020-08-20,EUR,BRL,6.5679
2020-08-21,EUR,BRL,6.5794
2020-08-22,EUR,BRL,6.5804
2020-08-23,EUR,BRL,6.5892
2020-08-24,EUR,BRL,6.6031
2020-08-25,EUR,BRL,6.6091
2020-08-26,EUR,BRL,6.5575
2020-08-27,EUR,BRL,6.6073
2020-08-28,EUR,BRL,6.5748
2020-08-29,EUR,BRL,6.5787
2020-08-30,EUR,BRL,6.5518
2020-08-31,EUR,BRL,6.4777
2020-09-01,EUR,BRL,6.511
2020-09-02,EUR,BRL,6.4365
2020-09-03,EUR,BRL,6.3414
2020-09-04,EUR,BRL,6.2907
2020-09-05,EUR,BRL,6.2888
2020-09-06,EUR,BRL,6.2865
2020-09-07,EUR,BRL,6.28
2020-09-08,EUR,BRL,6.3005
2020-09-09,EUR,BRL,6.2882
2020-09-10,EUR,BRL,6.2871
2020-09-11,EUR,BRL,6.2863
2020-09-12,EUR,BRL,6.2873
2020-09-13,EUR,BRL,6.2883
2020-09-14,EUR,BRL,6.3019
2020-09-15,EUR,BRL,6.2762
2020-09-16,EUR,BRL,6.2519
2020-09-17,EUR,BRL,6.2105
2020-09-18,EUR,BRL,6.2316
2020-09-19,EUR,BRL,6.23
2020-09-20,EUR,BRL,6.2419
2020-09-21,EUR,BRL,6.3694
2020-09-22,EUR,BRL,6.3731
2020-09-23,EUR,BRL,6.4203
2020-09-24,EUR,BRL,6.477
2020-09-25,EUR,BRL,6.4599
2020-09-26,EUR,BRL,6.4611
2020-09-27,EUR,BRL,6.4598
2020-09-28,EUR,BRL,6.4742
2020-09-29,EUR,BRL,6.574
2020-09-30,EUR,BRL,6.5997
2020-10-01,EUR,BRL,6.594
2020-10-02,EUR,BRL,6.6082
2020-10-03,EUR,BRL,6.6115
2020-10-04,EUR,BRL,6.6143
2020-10-05,EUR,BRL,6.6409
2020-10-06,EUR,BRL,6.5811
2020-10-07,EUR,BRL,6.5742
2020-10-08,EUR,BRL,6.5965
2020-10-09,EUR,BRL,6.5847
2020-10-10,EUR,BRL,6.5864
2020-10-11,EUR,BRL,6.5818
2020-10-12,EUR,BRL,6.5503
2020-10-13,EUR,BRL,6.5453
2020-10-14,EUR,BRL,6.543
2020-10-15,EUR,BRL,6.5693
2020-10-16,EUR,BRL,6.586
2020-10-17,EUR,BRL,6.5864
2020-10-18,EUR,BRL,6.5903
2020-10-19,EUR,BRL,6.6029
2020-10-20,EUR,BRL,6.6064
2020-10-21,EUR,BRL,6.6294
2020-10-22,EUR,BRL,6.637
2020-10-23,EUR,BRL,6.6223
2020-10-24,EUR,BRL,6.6241
2020-10-25,EUR,BRL,6.6247
2020-10-26,EUR,BRL,6.6475
2020-10-27,EUR,BRL,6.6637
2020-10-28,EUR,BRL,6.7071
2020-10-29,EUR,BRL,6.7388
2020-10-30,EUR,BRL,6.7353
2020-10-31,EUR,BRL,6.7372
2020-11-01,EUR,BRL,6.7367
2020-11-02,EUR,BRL,6.7079
2020-11-03,EUR,BRL,6.694
2020-11-04,EUR,BRL,6.6993
2020-11-05,EUR,BRL,6.6384
2020-11-06,EUR,BRL,6.5955
2020-11-07,EUR,BRL,6.5921
2020-11-08,EUR,BRL,6.5752
2020-11-09,EUR,BRL,6.4009
2020-11-10,EUR,BRL,6.3609
2020-11-11,EUR,BRL,6.3741
2020-11-12,EUR,BRL,6.3703
2020-11-13,EUR,BRL,6.4386
2020-11-14,EUR,BRL,6.4431
2020-11-15,EUR,BRL,6.4542
2020-11-16,EUR,BRL,6.446
2020-11-17,EUR,BRL,6.4217
2020-11-18,EUR,BRL,6.3387
2020-11-19,EUR,BRL,6.3383
2020-11-20,EUR,BRL,6.3373
2020-11-21,EUR,BRL,6.3352
2020-11-22,EUR,BRL,6.3351
2020-11-23,EUR,BRL,6.381
2020-11-24,EUR,BRL,6.4069
2020-11-25,EUR,BRL,6.3834
2020-11-26,EUR,BRL,6.3579
2020-11-27,EUR,BRL,6.3706
2020-11-28,EUR,BRL,6.3718
2020-11-29,EUR,BRL,6.3723
2020-11-30,EUR,BRL,6.3815
2020-12-01,EUR,BRL,6.3607
2020-12-02,EUR,BRL,6.3194
2020-12-03,EUR,BRL,6.3102
2020-12-04,EUR,BRL,6.2901
2020-12-05,EUR,BRL,6.2862
2020-12-06,EUR,BRL,6.2797
2020-12-07,EUR,BRL,6.2325
2020-12-08,EUR,BRL,6.1992
2020-12-09,EUR,BRL,6.2062
2020-12-10,EUR,BRL,6.2031
2020-12-11,EUR,BRL,6.1527
2020-12-12,EUR,BRL,6.1491
2020-12-13,EUR,BRL,6.1422
2020-12-14,EUR,BRL,6.1445
2020-12-15,EUR,BRL,6.1851
2020-12-16,EUR,BRL,6.1987
2020-12-17,EUR,BRL,6.2049
2020-12-18,EUR,BRL,6.2239
2020-12-19,EUR,BRL,6.228
2020-12-20,EUR,BRL,6.2306
2020-12-21,EUR,BRL,6.2544
2020-12-22,EUR,BRL,6.2699
2020-12-23,EUR,BRL,6.2903
2020-12-24,EUR,BRL,6.3221
2020-12-25,EUR,BRL,6.3308
2020-12-26,EUR,BRL,6.3331
2020-12-27,EUR,BRL,6.3392
2020-12-28,EUR,BRL,6.3686
2020-12-29,EUR,BRL,6.3824
2020-12-30,EUR,BRL,6.3785
2020-12-31,EUR,BRL,6.3739
2021-01-01,EUR,BRL,6.3701
2021-01-02,EUR,BRL,6.3695
2021-01-03,EUR,BRL,6.3674
2021-01-04,EUR,BRL,6.3603
2021-01-05,EUR,BRL,6.4761
2021-01-06,EUR,BRL,6.4968
2021-01-07,EUR,BRL,6.5287
2021-01-08,EUR,BRL,6.5702
2021-01-09,EUR,BRL,6.5742
2021-01-10,EUR,BRL,6.5821
2021-01-11,EUR,BRL,6.6257
2021-01-12,EUR,BRL,6.6415
2021-01-13,EUR,BRL,6.5152
2021-01-14,EUR,BRL,6.4288
2021-01-15,EUR,BRL,6.3787
2021-01-16,EUR,BRL,6.3711
2021-01-17,EUR,BRL,6.3665
2021-01-18,EUR,BRL,6.3767
2021-01-19,EUR,BRL,6.3984
2021-01-20,EUR,BRL,6.4455
2021-01-21,EUR,BRL,6.4344
2021-01-22,EUR,BRL,6.5251
2021-01-23,EUR,BRL,6.5335
2021-01-24,EUR,BRL,6.5468
2021-01-25,EUR,BRL,6.6308
2021-01-26,EUR,BRL,6.5916
2021-01-27,EUR,BRL,6.5256
2021-01-28,EUR,BRL,6.5475
2021-01-29,EUR,BRL,6.5993
2021-01-30,EUR,BRL,6.6112
2021-01-31,EUR,BRL,6.616
2021-02-01,EUR,BRL,6.6144
2021-02-02,EUR,BRL,6.542
2021-02-03,EUR,BRL,6.4717
2021-02-04,EUR,BRL,6.4651
2021-02-05,EUR,BRL,6.4869
2021-02-06,EUR,BRL,6.489
2021-02-07,EUR,BRL,6.4894
2021-02-08,EUR,BRL,6.4776
2021-02-09,EUR,BRL,6.5058
2021-02-10,EUR,BRL,6.5261
2021-02-11,EUR,BRL,6.5191
2021-02-12,EUR,BRL,6.522
2021-02-13,EUR,BRL,6.5228
2021-02-14,EUR,BRL,6.5221
2021-02-15,EUR,BRL,6.5166
2021-02-16,EUR,BRL,6.5222
2021-02-17,EUR,BRL,6.5045
2021-02-18,EUR,BRL,6.5228
2021-02-19,EUR,BRL,6.5508
2021-02-20,EUR,BRL,6.5541
2021-02-21,EUR,BRL,6.555
2021-02-22,EUR,BRL,6.5966
2021-02-23,EUR,BRL,6.6179
2021-02-24,EUR,BRL,6.596
2021-02-25,EUR,BRL,6.6254
2021-02-26,EUR,BRL,6.6809
2021-02-27,EUR,BRL,6.6809
2021-02-28,EUR,BRL,6.6869
2021-03-01,EUR,BRL,6.7336
2021-03-02,EUR,BRL,6.7939
2021-03-03,EUR,BRL,6.8573
2021-03-04,EUR,BRL,6.7804
2021-03-05,EUR,BRL,6.7764
2021-03-06,EUR,BRL,6.776
2021-03-07,EUR,BRL,6.7771
2021-03-08,EUR,BRL,6.7921
2021-03-09,EUR,BRL,6.9077
2021-03-10,EUR,BRL,6.8811
2021-03-11,EUR,BRL,6.7578
2021-03-12,EUR,BRL,6.6712
2021-03-13,EUR,BRL,6.6662
2021-03-14,EUR,BRL,6.6511
2021-03-15,EUR,BRL,6.6593
2021-03-16,EUR,BRL,6.6676
2021-03-17,EUR,BRL,6.6982
2021-03-18,EUR,BRL,6.6606
2021-03-19,EUR,BRL,6.6044
2021-03-20,EUR,BRL,6.6024
2021-03-21,EUR,BRL,6.5988
2021-03-22,EUR,BRL,6.5731
2021-03-23,EUR,BRL,6.5616
2021-03-24,EUR,BRL,6.5437
2021-03-25,EUR,BRL,6.6363
2021-03-26,EUR,BRL,6.6826
2021-03-27,EUR,BRL,6.6835
2021-03-28,EUR,BRL,6.6923
2021-03-29,EUR,BRL,6.7681
2021-03-30,EUR,BRL,6.7692
2021-03-31,EUR,BRL,6.7347
2021-04-01,EUR,BRL,6.6665
2021-04-02,EUR,BRL,6.6605
2021-04-03,EUR,BRL,6.6649
2021-04-04,EUR,BRL,6.6713
2021-04-05,EUR,BRL,6.6938
2021-04-06,EUR,BRL,6.6786
2021-04-07,EUR,BRL,6.6601
2021-04-08,EUR,BRL,6.6563
2021-04-09,EUR,BRL,6.6723
2021-04-10,EUR,BRL,6.6705
2021-04-11,EUR,BRL,6.6753
2021-04-12,EUR,BRL,6.7412
2021-04-13,EUR,BRL,6.7899
2021-04-14,EUR,BRL,6.8115
2021-04-15,EUR,BRL,6.771
2021-04-16,EUR,BRL,6.7407
2021-04-17,EUR,BRL,6.7398
2021-04-18,EUR,BRL,6.7361
2021-04-19,EUR,BRL,6.7086
2021-04-20,EUR,BRL,6.7021
2021-04-21,EUR,BRL,6.7013
2021-04-22,EUR,BRL,6.6764
2021-04-23,EUR,BRL,6.615
2021-04-24,EUR,BRL,6.6105
2021-04-25,EUR,BRL,6.5955
2021-04-26,EUR,BRL,6.6025
2021-04-27,EUR,BRL,6.5803
2021-04-28,EUR,BRL,6.5631
2021-04-29,EUR,BRL,6.5119
2021-04-30,EUR,BRL,6.494
2021-05-01,EUR,BRL,6.4873
2021-05-02,EUR,BRL,6.4908
2021-05-03,EUR,BRL,6.5214
2021-05-04,EUR,BRL,6.5398
2021-05-05,EUR,BRL,6.5161
2021-05-06,EUR,BRL,6.4459
2021-05-07,EUR,BRL,6.3812
2021-05-08,EUR,BRL,6.3789
2021-05-09,EUR,BRL,6.3748
2021-05-10,EUR,BRL,6.3802
2021-05-11,EUR,BRL,6.3671
2021-05-12,EUR,BRL,6.3545
2021-05-13,EUR,BRL,6.3793
2021-05-14,EUR,BRL,6.3986
2021-05-15,EUR,BRL,6.4023
2021-05-16,EUR,BRL,6.4048
2021-05-17,EUR,BRL,6.4123
2021-05-18,EUR,BRL,6.4174
2021-05-19,EUR,BRL,6.4393
2021-05-20,EUR,BRL,6.4529
2021-05-21,EUR,BRL,6.4695
2021-05-22,EUR,BRL,6.4699
2021-05-23,EUR,BRL,6.4735
2021-05-24,EUR,BRL,6.5032
2021-05-25,EUR,BRL,6.5076
2021-05-26,EUR,BRL,6.5099
2021-05-27,EUR,BRL,6.4748
2021-05-28,EUR,BRL,6.4178
2021-05-29,EUR,BRL,6.4135
2021-05-30,EUR,BRL,6.4076
2021-05-31,EUR,BRL,6.3838
2021-06-01,EUR,BRL,6.3603
2021-06-02,EUR,BRL,6.2949
2021-06-03,EUR,BRL,6.2182
2021-06-04,EUR,BRL,6.1776
2021-06-05,EUR,BRL,6.1739
2021-06-06,EUR,BRL,6.1706
2021-06-07,EUR,BRL,6.1477
2021-06-08,EUR,BRL,6.1474
2021-06-09,EUR,BRL,6.1441
2021-06-10,EUR,BRL,6.1569
2021-06-11,EUR,BRL,6.171
2021-06-12,EUR,BRL,6.1701
2021-06-13,EUR,BRL,6.1719
2021-06-14,EUR,BRL,6.1739
2021-06-15,EUR,BRL,6.1555
2021-06-16,EUR,BRL,6.1141
2021-06-17,EUR,BRL,6.0662
2021-06-18,EUR,BRL,6.0027
2021-06-19,EUR,BRL,5.9988
2021-06-20,EUR,BRL,5.9969
2021-06-21,EUR,BRL,6.0182
2021-06-22,EUR,BRL,5.9871
2021-06-23,EUR,BRL,5.9362
2021-06-24,EUR,BRL,5.9228
2021-06-25,EUR,BRL,5.8895
2021-06-26,EUR,BRL,5.8859
2021-06-27,EUR,BRL,5.8834
2021-06-28,EUR,BRL,5.8915
2021-06-29,EUR,BRL,5.8898
2021-06-30,EUR,BRL,5.9106
2021-07-01,EUR,BRL,5.9093
2021-07-02,EUR,BRL,5.9487
2021-07-03,EUR,BRL,5.9517
2021-07-04,EUR,BRL,5.9537
2021-07-05,EUR,BRL,5.9912
2021-07-06,EUR,BRL,6.0414
2021-07-07,EUR,BRL,6.1129
2021-07-08,EUR,BRL,6.1712
2021-07-09,EUR,BRL,6.2115
2021-07-10,EUR,BRL,6.2167
2021-07-11,EUR,BRL,6.2221
2021-07-12,EUR,BRL,6.222
2021-07-13,EUR,BRL,6.1453
2021-07-14,EUR,BRL,6.0665
2021-07-15,EUR,BRL,6.0275
2021-07-16,EUR,BRL,6.0181
2021-07-17,EUR,BRL,6.0157
2021-07-18,EUR,BRL,6.0156
2021-07-19,EUR,BRL,6.0639
2021-07-20,EUR,BRL,6.1251
2021-07-21,EUR,BRL,6.1424
2021-07-22,EUR,BRL,6.1089
2021-07-23,EUR,BRL,6.0976
2021-07-24,EUR,BRL,6.0992
2021-07-25,EUR,BRL,6.1006
2021-07-26,EUR,BRL,6.1196
2021-07-27,EUR,BRL,6.1066
2021-07-28,EUR,BRL,6.0941
2021-07-29,EUR,BRL,6.0471
2021-07-30,EUR,BRL,6.0634
2021-07-31,EUR,BRL,6.0621
2021-08-01,EUR,BRL,6.065
2021-08-02,EUR,BRL,6.1297
2021-08-03,EUR,BRL,6.1592
2021-08-04,EUR,BRL,6.1594
2021-08-05,EUR,BRL,6.1212
2021-08-06,EUR,BRL,6.1619
2021-08-07,EUR,BRL,6.1636
2021-08-08,EUR,BRL,6.1635
2021-08-09,EUR,BRL,6.1674
2021-08-10,EUR,BRL,6.135
2021-08-11,EUR,BRL,6.0996
2021-08-12,EUR,BRL,6.119
2021-08-13,EUR,BRL,6.1506
2021-08-14,EUR,BRL,6.1521
2021-08-15,EUR,BRL,6.1522
2021-08-16,EUR,BRL,6.173
2021-08-17,EUR,BRL,6.1796
2021-08-18,EUR,BRL,6.1982
2021-08-19,EUR,BRL,6.2865
2021-08-20,EUR,BRL,6.3234
2021-08-21,EUR,BRL,6.3269
2021-08-22,EUR,BRL,6.3175
2021-08-23,EUR,BRL,6.2984
2021-08-24,EUR,BRL,6.2711
2021-08-25,EUR,BRL,6.1785
2021-08-26,EUR,BRL,6.1486
2021-08-27,EUR,BRL,6.1559
2021-08-28,EUR,BRL,6.155
2021-08-29,EUR,BRL,6.1544
2021-08-30,EUR,BRL,6.1373
2021-08-31,EUR,BRL,6.1187
2021-09-01,EUR,BRL,6.0976
2021-09-02,EUR,BRL,6.1312
2021-09-03,EUR,BRL,6.1395
2021-09-04,EUR,BRL,6.1399
2021-09-05,EUR,BRL,6.1413
2021-09-06,EUR,BRL,6.158
2021-09-07,EUR,BRL,6.1401
2021-09-08,EUR,BRL,6.1617
2021-09-09,EUR,BRL,6.2416
2021-09-10,EUR,BRL,6.1899
2021-09-11,EUR,BRL,6.1806
2021-09-12,EUR,BRL,6.1759
2021-09-13,EUR,BRL,6.1723
2021-09-14,EUR,BRL,6.1668
2021-09-15,EUR,BRL,6.1811
2021-09-16,EUR,BRL,6.1719
2021-09-17,EUR,BRL,6.1879
2021-09-18,EUR,BRL,6.1906
2021-09-19,EUR,BRL,6.1934
2021-09-20,EUR,BRL,6.2116
2021-09-21,EUR,BRL,6.2202
2021-09-22,EUR,BRL,6.1831
2021-09-23,EUR,BRL,6.1835
2021-09-24,EUR,BRL,6.2181
2021-09-25,EUR,BRL,6.2211
2021-09-26,EUR,BRL,6.2245
2021-09-27,EUR,BRL,6.239
2021-09-28,EUR,BRL,6.2899
2021-09-29,EUR,BRL,6.3189
2021-09-30,EUR,BRL,6.2903
2021-10-01,EUR,BRL,6.278
2021-10-02,EUR,BRL,6.2815
2021-10-03,EUR,BRL,6.2801
2021-10-04,EUR,BRL,6.2586
2021-10-05,EUR,BRL,6.3053
2021-10-06,EUR,BRL,6.3411
2021-10-07,EUR,BRL,6.3465
2021-10-08,EUR,BRL,6.3608
2021-10-09,EUR,BRL,6.364
2021-10-10,EUR,BRL,6.3657
2021-10-11,EUR,BRL,6.3699
2021-10-12,EUR,BRL,6.3855
2021-10-13,EUR,BRL,6.3876
2021-10-14,EUR,BRL,6.3795
2021-10-15,EUR,BRL,6.3656
2021-10-16,EUR,BRL,6.3657
2021-10-17,EUR,BRL,6.3621
2021-10-18,EUR,BRL,6.356
2021-10-19,EUR,BRL,6.4145
2021-10-20,EUR,BRL,6.4513
2021-10-21,EUR,BRL,6.5195
2021-10-22,EUR,BRL,6.5757
2021-10-23,EUR,BRL,6.5809
2021-10-24,EUR,BRL,6.596
2021-10-25,EUR,BRL,6.5555
2021-10-26,EUR,BRL,6.4694
2021-10-27,EUR,BRL,6.4546
2021-10-28,EUR,BRL,6.4639
2021-10-29,EUR,BRL,6.5408
2021-10-30,EUR,BRL,6.5471
2021-10-31,EUR,BRL,6.5516
2021-11-01,EUR,BRL,6.5425
2021-11-02,EUR,BRL,6.5666
2021-11-03,EUR,BRL,6.5659
2021-11-04,EUR,BRL,6.4878
2021-11-05,EUR,BRL,6.446
2021-11-06,EUR,BRL,6.4449
2021-11-07,EUR,BRL,6.4427
2021-11-08,EUR,BRL,6.436
2021-11-09,EUR,BRL,6.405
2021-11-10,EUR,BRL,6.3511
2021-11-11,EUR,BRL,6.2862
2021-11-12,EUR,BRL,6.2289
2021-11-13,EUR,BRL,6.2195
2021-11-14,EUR,BRL,6.2142
2021-11-15,EUR,BRL,6.2437
2021-11-16,EUR,BRL,6.2205
2021-11-17,EUR,BRL,6.2246
2021-11-18,EUR,BRL,6.2682
2021-11-19,EUR,BRL,6.2969
2021-11-20,EUR,BRL,6.2964
2021-11-21,EUR,BRL,6.2979
2021-11-22,EUR,BRL,6.3141
2021-11-23,EUR,BRL,6.3193
2021-11-24,EUR,BRL,6.289
2021-11-25,EUR,BRL,6.2768
2021-11-26,EUR,BRL,6.2915
2021-11-27,EUR,BRL,6.2925
2021-11-28,EUR,BRL,6.2958
2021-11-29,EUR,BRL,6.3241
2021-11-30,EUR,BRL,6.3503
2021-12-01,EUR,BRL,6.3665
2021-12-02,EUR,BRL,6.3951
2021-12-03,EUR,BRL,6.3891
2021-12-04,EUR,BRL,6.3871
2021-12-05,EUR,BRL,6.3848
2021-12-06,EUR,BRL,6.3982
2021-12-07,EUR,BRL,6.3805
2021-12-08,EUR,BRL,6.3383
2021-12-09,EUR,BRL,6.2931
2021-12-10,EUR,BRL,6.2956
2021-12-11,EUR,BRL,6.295
2021-12-12,EUR,BRL,6.2955
2021-12-13,EUR,BRL,6.3303
2021-12-14,EUR,BRL,6.3707
2021-12-15,EUR,BRL,6.4111
2021-12-16,EUR,BRL,6.4154
2021-12-17,EUR,BRL,6.4315
2021-12-18,EUR,BRL,6.4345
2021-12-19,EUR,BRL,6.4321
2021-12-20,EUR,BRL,6.4157
2021-12-21,EUR,BRL,6.4524
2021-12-22,EUR,BRL,6.4591
2021-12-23,EUR,BRL,6.4209
2021-12-24,EUR,BRL,6.4138
2021-12-25,EUR,BRL,6.4141
2021-12-26,EUR,BRL,6.4132
2021-12-27,EUR,BRL,6.4124
2021-12-28,EUR,BRL,6.3877
2021-12-29,EUR,BRL,6.3832
2021-12-30,EUR,BRL,6.3919
2021-12-31,EUR,BRL,6.3608
2022-01-01,EUR,BRL,6.3533
2022-01-02,EUR,BRL,6.3531
2022-01-03,EUR,BRL,6.3429
2022-01-04,EUR,BRL,6.4033
2022-01-05,EUR,BRL,6.4097
2022-01-06,EUR,BRL,6.4318
2022-01-07,EUR,BRL,6.423
2022-01-08,EUR,BRL,6.4235
2022-01-09,EUR,BRL,6.4195
2022-01-10,EUR,BRL,6.4007
2022-01-11,EUR,BRL,6.3965
2022-01-12,EUR,BRL,6.3493
2022-01-13,EUR,BRL,6.3362
2022-01-14,EUR,BRL,6.3389
2022-01-15,EUR,BRL,6.3373
2022-01-16,EUR,BRL,6.3362
2022-01-17,EUR,BRL,6.3107
2022-01-18,EUR,BRL,6.3038
2022-01-19,EUR,BRL,6.2837
2022-01-20,EUR,BRL,6.1844
2022-01-21,EUR,BRL,6.1659
2022-01-22,EUR,BRL,6.1652
2022-01-23,EUR,BRL,6.1659
2022-01-24,EUR,BRL,6.1808
2022-01-25,EUR,BRL,6.1978
2022-01-26,EUR,BRL,6.1462
2022-01-27,EUR,BRL,6.0759
2022-01-28,EUR,BRL,6.038
2022-01-29,EUR,BRL,6.0345
2022-01-30,EUR,BRL,6.0287
2022-01-31,EUR,BRL,5.9995
2022-02-01,EUR,BRL,5.9636
2022-02-02,EUR,BRL,5.9563
2022-02-03,EUR,BRL,5.9758
2022-02-04,EUR,BRL,6.0361
2022-02-05,EUR,BRL,6.0431
2022-02-06,EUR,BRL,6.0513
2022-02-07,EUR,BRL,6.0655
2022-02-08,EUR,BRL,6.0224
2022-02-09,EUR,BRL,6.0076
2022-02-10,EUR,BRL,5.9838
2022-02-11,EUR,BRL,5.9615
2022-02-12,EUR,BRL,5.9602
2022-02-13,EUR,BRL,5.9573
2022-02-14,EUR,BRL,5.9339
2022-02-15,EUR,BRL,5.9116
2022-02-16,EUR,BRL,5.8845
2022-02-17,EUR,BRL,5.8586
2022-02-18,EUR,BRL,5.8548
2022-02-19,EUR,BRL,5.8548
2022-02-20,EUR,BRL,5.8542
2022-02-21,EUR,BRL,5.8286
2022-02-22,EUR,BRL,5.7766
2022-02-23,EUR,BRL,5.7308
2022-02-24,EUR,BRL,5.707
2022-02-25,EUR,BRL,5.7245
2022-02-26,EUR,BRL,5.7275
2022-02-27,EUR,BRL,5.7323
2022-02-28,EUR,BRL,5.7658
2022-03-01,EUR,BRL,5.7669
2022-03-02,EUR,BRL,5.7408
2022-03-03,EUR,BRL,5.6556
2022-03-04,EUR,BRL,5.5903
2022-03-05,EUR,BRL,5.5793
2022-03-06,EUR,BRL,5.5709
2022-03-07,EUR,BRL,5.5299
2022-03-08,EUR,BRL,5.5446
2022-03-09,EUR,BRL,5.5231
2022-03-10,EUR,BRL,5.5631
2022-03-11,EUR,BRL,5.5313
2022-03-12,EUR,BRL,5.5258
2022-03-13,EUR,BRL,5.525
2022-03-14,EUR,BRL,5.5455
2022-03-15,EUR,BRL,5.6142
2022-03-16,EUR,BRL,5.6478
2022-03-17,EUR,BRL,5.6234
2022-03-18,EUR,BRL,5.5859
2022-03-19,EUR,BRL,5.5828
2022-03-20,EUR,BRL,5.5802
2022-03-21,EUR,BRL,5.5314
2022-03-22,EUR,BRL,5.4509
2022-03-23,EUR,BRL,5.4085
2022-03-24,EUR,BRL,5.3349
2022-03-25,EUR,BRL,5.294
2022-03-26,EUR,BRL,5.2915
2022-03-27,EUR,BRL,5.2842
2022-03-28,EUR,BRL,5.2336
2022-03-29,EUR,BRL,5.2387
2022-03-30,EUR,BRL,5.2792
2022-03-31,EUR,BRL,5.3028
2022-04-01,EUR,BRL,5.2405
2022-04-02,EUR,BRL,5.2358
2022-04-03,EUR,BRL,5.2268
2022-04-04,EUR,BRL,5.1538
2022-04-05,EUR,BRL,5.0802
2022-04-06,EUR,BRL,5.0942
2022-04-07,EUR,BRL,5.1452
2022-04-08,EUR,BRL,5.1598
2022-04-09,EUR,BRL,5.1607
2022-04-10,EUR,BRL,5.1586
2022-04-11,EUR,BRL,5.1402
2022-04-12,EUR,BRL,5.1045
2022-04-13,EUR,BRL,5.0756
2022-04-14,EUR,BRL,5.1023
2022-04-15,EUR,BRL,5.1032
2022-04-16,EUR,BRL,5.1002
2022-04-17,EUR,BRL,5.1001
2022-04-18,EUR,BRL,5.0831
2022-04-19,EUR,BRL,5.0377
2022-04-20,EUR,BRL,5.0446
2022-04-21,EUR,BRL,5.0386
2022-04-22,EUR,BRL,5.0776
2022-04-23,EUR,BRL,5.0729
2022-04-24,EUR,BRL,5.0809
2022-04-25,EUR,BRL,5.1689
2022-04-26,EUR,BRL,5.2352
2022-04-27,EUR,BRL,5.2849
2022-04-28,EUR,BRL,5.2439
2022-04-29,EUR,BRL,5.1943
2022-04-30,EUR,BRL,5.1943
2022-05-01,EUR,BRL,5.1948
2022-05-02,EUR,BRL,5.2364
2022-05-03,EUR,BRL,5.278
2022-05-04,EUR,BRL,5.2523
2022-05-05,EUR,BRL,5.2398
2022-05-06,EUR,BRL,5.3011
2022-05-07,EUR,BRL,5.3099
2022-05-08,EUR,BRL,5.3154
2022-05-09,EUR,BRL,5.373
2022-05-10,EUR,BRL,5.4204
2022-05-11,EUR,BRL,5.4004
2022-05-12,EUR,BRL,5.4003
2022-05-13,EUR,BRL,5.3329
2022-05-14,EUR,BRL,5.329
2022-05-15,EUR,BRL,5.3246
2022-05-16,EUR,BRL,5.2813
2022-05-17,EUR,BRL,5.26
2022-05-18,EUR,BRL,5.2216
2022-05-19,EUR,BRL,5.209
2022-05-20,EUR,BRL,5.1955
2022-05-21,EUR,BRL,5.1935
2022-05-22,EUR,BRL,5.1893
2022-05-23,EUR,BRL,5.1655
2022-05-24,EUR,BRL,5.1617
2022-05-25,EUR,BRL,5.1665
2022-05-26,EUR,BRL,5.1553
2022-05-27,EUR,BRL,5.1157
2022-05-28,EUR,BRL,5.1113
2022-05-29,EUR,BRL,5.1053
2022-05-30,EUR,BRL,5.0922
2022-05-31,EUR,BRL,5.1007
2022-06-01,EUR,BRL,5.0829
2022-06-02,EUR,BRL,5.1153
2022-06-03,EUR,BRL,5.1417
2022-06-04,EUR,BRL,5.144
2022-06-05,EUR,BRL,5.1434
2022-06-06,EUR,BRL,5.1293
2022-06-07,EUR,BRL,5.1448
2022-06-08,EUR,BRL,5.203
2022-06-09,EUR,BRL,5.2286
2022-06-10,EUR,BRL,5.2209
2022-06-11,EUR,BRL,5.218
2022-06-12,EUR,BRL,5.2167
2022-06-13,EUR,BRL,5.2585
2022-06-14,EUR,BRL,5.3199
2022-06-15,EUR,BRL,5.3406
2022-06-16,EUR,BRL,5.3052
2022-06-17,EUR,BRL,5.3378
2022-06-18,EUR,BRL,5.3412
2022-06-19,EUR,BRL,5.3377
2022-06-20,EUR,BRL,5.3997
2022-06-21,EUR,BRL,5.4358
2022-06-22,EUR,BRL,5.4239
2022-06-23,EUR,BRL,5.4578
2022-06-24,EUR,BRL,5.4945
2022-06-25,EUR,BRL,5.4994
2022-06-26,EUR,BRL,5.5022
2022-06-27,EUR,BRL,5.5296
2022-06-28,EUR,BRL,5.5395
2022-06-29,EUR,BRL,5.5243
2022-06-30,EUR,BRL,5.4593
2022-07-01,EUR,BRL,5.4877
2022-07-02,EUR,BRL,5.4919
2022-07-03,EUR,BRL,5.4993
2022-07-04,EUR,BRL,5.5424
2022-07-05,EUR,BRL,5.5442
2022-07-06,EUR,BRL,5.5281
2022-07-07,EUR,BRL,5.4978
2022-07-08,EUR,BRL,5.4368
2022-07-09,EUR,BRL,5.4308
2022-07-10,EUR,BRL,5.4309
2022-07-11,EUR,BRL,5.3938
2022-07-12,EUR,BRL,5.4052
2022-07-13,EUR,BRL,5.4284
2022-07-14,EUR,BRL,5.4261
2022-07-15,EUR,BRL,5.4235
2022-07-16,EUR,BRL,5.4293
2022-07-17,EUR,BRL,5.4321
2022-07-18,EUR,BRL,5.4486
2022-07-19,EUR,BRL,5.5111
2022-07-20,EUR,BRL,5.5424
2022-07-21,EUR,BRL,5.5751
2022-07-22,EUR,BRL,5.5819
2022-07-23,EUR,BRL,5.5834
2022-07-24,EUR,BRL,5.5844
2022-07-25,EUR,BRL,5.5829
2022-07-26,EUR,BRL,5.4921
2022-07-27,EUR,BRL,5.4259
2022-07-28,EUR,BRL,5.3568
2022-07-29,EUR,BRL,5.2979
2022-07-30,EUR,BRL,5.2945
2022-07-31,EUR,BRL,5.2948
2022-08-01,EUR,BRL,5.2933
2022-08-02,EUR,BRL,5.3199
2022-08-03,EUR,BRL,5.3479
2022-08-04,EUR,BRL,5.3591
2022-08-05,EUR,BRL,5.3321
2022-08-06,EUR,BRL,5.3298
2022-08-07,EUR,BRL,5.3266
2022-08-08,EUR,BRL,5.2661
2022-08-09,EUR,BRL,5.2426
2022-08-10,EUR,BRL,5.2395
2022-08-11,EUR,BRL,5.2534
2022-08-12,EUR,BRL,5.2815
2022-08-13,EUR,BRL,5.2836
2022-08-14,EUR,BRL,5.2823
2022-08-15,EUR,BRL,5.2384
2022-08-16,EUR,BRL,5.2055
2022-08-17,EUR,BRL,5.2482
2022-08-18,EUR,BRL,5.2473
2022-08-19,EUR,BRL,5.2361
2022-08-20,EUR,BRL,5.2321
2022-08-21,EUR,BRL,5.2294
2022-08-22,EUR,BRL,5.1919
2022-08-23,EUR,BRL,5.1223
2022-08-24,EUR,BRL,5.0907
2022-08-25,EUR,BRL,5.1054
2022-08-26,EUR,BRL,5.0999
2022-08-27,EUR,BRL,5.1007
2022-08-28,EUR,BRL,5.1002
2022-08-29,EUR,BRL,5.0614
2022-08-30,EUR,BRL,5.0583
2022-08-31,EUR,BRL,5.1377
2022-09-01,EUR,BRL,5.1905
2022-09-02,EUR,BRL,5.2046
2022-09-03,EUR,BRL,5.2067
2022-09-04,EUR,BRL,5.2063
2022-09-05,EUR,BRL,5.1522
2022-09-06,EUR,BRL,5.1503
2022-09-07,EUR,BRL,5.1908
2022-09-08,EUR,BRL,5.2177
2022-09-09,EUR,BRL,5.2218
2022-09-10,EUR,BRL,5.2224
2022-09-11,EUR,BRL,5.2182
2022-09-12,EUR,BRL,5.2017
2022-09-13,EUR,BRL,5.1934
2022-09-14,EUR,BRL,5.1828
2022-09-15,EUR,BRL,5.1862
2022-09-16,EUR,BRL,5.2236
2022-09-17,EUR,BRL,5.228
2022-09-18,EUR,BRL,5.2339
2022-09-19,EUR,BRL,5.2425
2022-09-20,EUR,BRL,5.2101
2022-09-21,EUR,BRL,5.1386
2022-09-22,EUR,BRL,5.0898
2022-09-23,EUR,BRL,5.0743
2022-09-24,EUR,BRL,5.0652
2022-09-25,EUR,BRL,5.0649
2022-09-26,EUR,BRL,5.107
2022-09-27,EUR,BRL,5.147
2022-09-28,EUR,BRL,5.1529
2022-09-29,EUR,BRL,5.203
2022-09-30,EUR,BRL,5.2632
2022-10-01,EUR,BRL,5.2692
2022-10-02,EUR,BRL,5.275
2022-10-03,EUR,BRL,5.2369
2022-10-04,EUR,BRL,5.1377
2022-10-05,EUR,BRL,5.155
2022-10-06,EUR,BRL,5.1509
2022-10-07,EUR,BRL,5.1238
2022-10-08,EUR,BRL,5.119
2022-10-09,EUR,BRL,5.1162
2022-10-10,EUR,BRL,5.0849
2022-10-11,EUR,BRL,5.0566
2022-10-12,EUR,BRL,5.1236
2022-10-13,EUR,BRL,5.137
2022-10-14,EUR,BRL,5.1448
2022-10-15,EUR,BRL,5.1444
2022-10-16,EUR,BRL,5.147
2022-10-17,EUR,BRL,5.1704
2022-10-18,EUR,BRL,5.1927
2022-10-19,EUR,BRL,5.1834
2022-10-20,EUR,BRL,5.1565
2022-10-21,EUR,BRL,5.1237
2022-10-22,EUR,BRL,5.1201
2022-10-23,EUR,BRL,5.1146
2022-10-24,EUR,BRL,5.1286
2022-10-25,EUR,BRL,5.2114
2022-10-26,EUR,BRL,5.2879
2022-10-27,EUR,BRL,5.3662
2022-10-28,EUR,BRL,5.3395
2022-10-29,EUR,BRL,5.3356
2022-10-30,EUR,BRL,5.3287
2022-10-31,EUR,BRL,5.2733
2022-11-01,EUR,BRL,5.1707
2022-11-02,EUR,BRL,5.1214
2022-11-03,EUR,BRL,5.0607
2022-11-04,EUR,BRL,5.0019
2022-11-05,EUR,BRL,4.9976
2022-11-06,EUR,BRL,4.9965
2022-11-07,EUR,BRL,5.0442
2022-11-08,EUR,BRL,5.1504
2022-11-09,EUR,BRL,5.1744
2022-11-10,EUR,BRL,5.2485
2022-11-11,EUR,BRL,5.3906
2022-11-12,EUR,BRL,5.416
2022-11-13,EUR,BRL,5.4335
2022-11-14,EUR,BRL,5.4746
2022-11-15,EUR,BRL,5.5162
2022-11-16,EUR,BRL,5.5359
2022-11-17,EUR,BRL,5.6056
2022-11-18,EUR,BRL,5.5743
2022-11-19,EUR,BRL,5.5735
2022-11-20,EUR,BRL,5.5724
2022-11-21,EUR,BRL,5.5149
2022-11-22,EUR,BRL,5.4724
2022-11-23,EUR,BRL,5.5333
2022-11-24,EUR,BRL,5.5569
2022-11-25,EUR,BRL,5.5636
2022-11-26,EUR,BRL,5.5613
2022-11-27,EUR,BRL,5.5625
2022-11-28,EUR,BRL,5.5962
2022-11-29,EUR,BRL,5.55
2022-11-30,EUR,BRL,5.494
2022-12-01,EUR,BRL,5.4528
2022-12-02,EUR,BRL,5.4673
2022-12-03,EUR,BRL,5.4668
2022-12-04,EUR,BRL,5.4682
2022-12-05,EUR,BRL,5.512
2022-12-06,EUR,BRL,5.5216
2022-12-07,EUR,BRL,5.4945
2022-12-08,EUR,BRL,5.487
2022-12-09,EUR,BRL,5.5134
2022-12-10,EUR,BRL,5.5159
2022-12-11,EUR,BRL,5.5193
2022-12-12,EUR,BRL,5.5401
2022-12-13,EUR,BRL,5.5757
2022-12-14,EUR,BRL,5.6379
2022-12-15,EUR,BRL,5.6325
2022-12-16,EUR,BRL,5.6297
2022-12-17,EUR,BRL,5.6314
2022-12-18,EUR,BRL,5.6317
2022-12-19,EUR,BRL,5.6388
2022-12-20,EUR,BRL,5.6134
2022-12-21,EUR,BRL,5.544
2022-12-22,EUR,BRL,5.5305
2022-12-23,EUR,BRL,5.5005
2022-12-24,EUR,BRL,5.4949
2022-12-25,EUR,BRL,5.4917
2022-12-26,EUR,BRL,5.4926
2022-12-27,EUR,BRL,5.558
2022-12-28,EUR,BRL,5.5998
2022-12-29,EUR,BRL,5.5825
2022-12-30,EUR,BRL,5.616
2022-12-31,EUR,BRL,5.6223
2023-01-01,EUR,BRL,5.6241
2023-01-02,EUR,BRL,5.6592
2023-01-03,EUR,BRL,5.6804
2023-01-04,EUR,BRL,5.7436
2023-01-05,EUR,BRL,5.7369
2023-01-06,EUR,BRL,5.6512
2023-01-07,EUR,BRL,5.6474
2023-01-08,EUR,BRL,5.6361
2023-01-09,EUR,BRL,5.6122
2023-01-10,EUR,BRL,5.6288
2023-01-11,EUR,BRL,5.5942
2023-01-12,EUR,BRL,5.557
2023-01-13,EUR,BRL,5.5495
2023-01-14,EUR,BRL,5.5488
2023-01-15,EUR,BRL,5.5463
2023-01-16,EUR,BRL,5.5364
2023-01-17,EUR,BRL,5.553
2023-01-18,EUR,BRL,5.5328
2023-01-19,EUR,BRL,5.5953
2023-01-20,EUR,BRL,5.611
2023-01-21,EUR,BRL,5.6174
2023-01-22,EUR,BRL,5.6205
2023-01-23,EUR,BRL,5.6433
2023-01-24,EUR,BRL,5.6415
2023-01-25,EUR,BRL,5.5927
2023-01-26,EUR,BRL,5.5591
2023-01-27,EUR,BRL,5.5305
2023-01-28,EUR,BRL,5.527
2023-01-29,EUR,BRL,5.5275
2023-01-30,EUR,BRL,5.5518
2023-01-31,EUR,BRL,5.5503
2023-02-01,EUR,BRL,5.523
2023-02-02,EUR,BRL,5.5252
2023-02-03,EUR,BRL,5.5322
2023-02-04,EUR,BRL,5.5299
2023-02-05,EUR,BRL,5.5301
2023-02-06,EUR,BRL,5.5591
2023-02-07,EUR,BRL,5.5348
2023-02-08,EUR,BRL,5.5652
2023-02-09,EUR,BRL,5.5955
2023-02-10,EUR,BRL,5.6301
2023-02-11,EUR,BRL,5.6324
2023-02-12,EUR,BRL,5.6318
2023-02-13,EUR,BRL,5.5779
2023-02-14,EUR,BRL,5.5556
2023-02-15,EUR,BRL,5.5765
2023-02-16,EUR,BRL,5.5901
2023-02-17,EUR,BRL,5.5625
2023-02-18,EUR,BRL,5.5588
2023-02-19,EUR,BRL,5.5574
2023-02-20,EUR,BRL,5.5295
2023-02-21,EUR,BRL,5.5201
2023-02-22,EUR,BRL,5.5089
2023-02-23,EUR,BRL,5.4774
2023-02-24,EUR,BRL,5.4655
2023-02-25,EUR,BRL,5.4606
2023-02-26,EUR,BRL,5.4595
2023-02-27,EUR,BRL,5.4847
2023-02-28,EUR,BRL,5.5137
2023-03-01,EUR,BRL,5.5405
2023-03-02,EUR,BRL,5.5343
2023-03-03,EUR,BRL,5.5193
2023-03-04,EUR,BRL,5.5197
2023-03-05,EUR,BRL,5.5204
2023-03-06,EUR,BRL,5.5315
2023-03-07,EUR,BRL,5.5182
2023-03-08,EUR,BRL,5.4799
2023-03-09,EUR,BRL,5.4417
2023-03-10,EUR,BRL,5.4785
2023-03-11,EUR,BRL,5.4821
2023-03-12,EUR,BRL,5.4882
2023-03-13,EUR,BRL,5.5753
2023-03-14,EUR,BRL,5.6022
2023-03-15,EUR,BRL,5.6184
2023-03-16,EUR,BRL,5.6016
2023-03-17,EUR,BRL,5.5923
2023-03-18,EUR,BRL,5.5916
2023-03-19,EUR,BRL,5.5934
2023-03-20,EUR,BRL,5.6111
2023-03-21,EUR,BRL,5.6283
2023-03-22,EUR,BRL,5.653
2023-03-23,EUR,BRL,5.6921
2023-03-24,EUR,BRL,5.7129
2023-03-25,EUR,BRL,5.7138
2023-03-26,EUR,BRL,5.7096
2023-03-27,EUR,BRL,5.6489
2023-03-28,EUR,BRL,5.6217
2023-03-29,EUR,BRL,5.601
2023-03-30,EUR,BRL,5.5764
2023-03-31,EUR,BRL,5.5504
2023-04-01,EUR,BRL,5.5457
2023-04-02,EUR,BRL,5.5413
2023-04-03,EUR,BRL,5.5038
2023-04-04,EUR,BRL,5.523
2023-04-05,EUR,BRL,5.5413
2023-04-06,EUR,BRL,5.5199
2023-04-07,EUR,BRL,5.5138
2023-04-08,EUR,BRL,5.515
2023-04-09,EUR,BRL,5.5149
2023-04-10,EUR,BRL,5.5188
2023-04-11,EUR,BRL,5.5033
2023-04-12,EUR,BRL,5.4712
2023-04-13,EUR,BRL,5.4328
2023-04-14,EUR,BRL,5.4432
2023-04-15,EUR,BRL,5.442
2023-04-16,EUR,BRL,5.4416
2023-04-17,EUR,BRL,5.4151
2023-04-18,EUR,BRL,5.4166
2023-04-19,EUR,BRL,5.4797
2023-04-20,EUR,BRL,5.5297
2023-04-21,EUR,BRL,5.5373
2023-04-22,EUR,BRL,5.5379
2023-04-23,EUR,BRL,5.5394
2023-04-24,EUR,BRL,5.5611
2023-04-25,EUR,BRL,5.5722
2023-04-26,EUR,BRL,5.5698
2023-04-27,EUR,BRL,5.561
2023-04-28,EUR,BRL,5.5161
2023-04-29,EUR,BRL,5.5096
2023-04-30,EUR,BRL,5.5051
2023-05-01,EUR,BRL,5.491
2023-05-02,EUR,BRL,5.5007
2023-05-03,EUR,BRL,5.5308
2023-05-04,EUR,BRL,5.5282
2023-05-05,EUR,BRL,5.4991
2023-05-06,EUR,BRL,5.4976
2023-05-07,EUR,BRL,5.4942
2023-05-08,EUR,BRL,5.4825
2023-05-09,EUR,BRL,5.4963
2023-05-10,EUR,BRL,5.4618
2023-05-11,EUR,BRL,5.4371
2023-05-12,EUR,BRL,5.3953
2023-05-13,EUR,BRL,5.3921
2023-05-14,EUR,BRL,5.3878
2023-05-15,EUR,BRL,5.3575
2023-05-16,EUR,BRL,5.343
2023-05-17,EUR,BRL,5.3619
2023-05-18,EUR,BRL,5.362
2023-05-19,EUR,BRL,5.362
2023-05-20,EUR,BRL,5.3624
2023-05-21,EUR,BRL,5.3651
2023-05-22,EUR,BRL,5.3925
2023-05-23,EUR,BRL,5.3752
2023-05-24,EUR,BRL,5.3522
2023-05-25,EUR,BRL,5.3494
2023-05-26,EUR,BRL,5.3754
2023-05-27,EUR,BRL,5.3776
2023-05-28,EUR,BRL,5.3799
2023-05-29,EUR,BRL,5.3679
2023-05-30,EUR,BRL,5.3844
2023-05-31,EUR,BRL,5.4064
2023-06-01,EUR,BRL,5.3963
2023-06-02,EUR,BRL,5.3817
2023-06-03,EUR,BRL,5.3828
2023-06-04,EUR,BRL,5.3783
2023-06-05,EUR,BRL,5.3235
2023-06-06,EUR,BRL,5.2863
2023-06-07,EUR,BRL,5.2624
2023-06-08,EUR,BRL,5.2801
2023-06-09,EUR,BRL,5.2888
2023-06-10,EUR,BRL,5.2893
2023-06-11,EUR,BRL,5.2875
2023-06-12,EUR,BRL,5.2629
2023-06-13,EUR,BRL,5.2525
2023-06-14,EUR,BRL,5.2569
2023-06-15,EUR,BRL,5.2389
2023-06-16,EUR,BRL,5.2679
2023-06-17,EUR,BRL,5.2713
2023-06-18,EUR,BRL,5.2757
2023-06-19,EUR,BRL,5.2692
2023-06-20,EUR,BRL,5.2373
2023-06-21,EUR,BRL,5.2258
2023-06-22,EUR,BRL,5.2368
2023-06-23,EUR,BRL,5.2233
2023-06-24,EUR,BRL,5.2193
2023-06-25,EUR,BRL,5.2173
2023-06-26,EUR,BRL,5.2125
2023-06-27,EUR,BRL,5.2235
2023-06-28,EUR,BRL,5.2738
2023-06-29,EUR,BRL,5.2873
2023-06-30,EUR,BRL,5.2758
2023-07-01,EUR,BRL,5.2766
2023-07-02,EUR,BRL,5.2767
2023-07-03,EUR,BRL,5.2309
2023-07-04,EUR,BRL,5.2437
2023-07-05,EUR,BRL,5.2752
2023-07-06,EUR,BRL,5.2908
2023-07-07,EUR,BRL,5.3324
2023-07-08,EUR,BRL,5.3368
2023-07-09,EUR,BRL,5.3397
2023-07-10,EUR,BRL,5.3347
2023-07-11,EUR,BRL,5.37
2023-07-12,EUR,BRL,5.3489
2023-07-13,EUR,BRL,5.3639
2023-07-14,EUR,BRL,5.377
2023-07-15,EUR,BRL,5.3776
2023-07-16,EUR,BRL,5.3781
2023-07-17,EUR,BRL,5.3917
2023-07-18,EUR,BRL,5.3998
2023-07-19,EUR,BRL,5.3997
2023-07-20,EUR,BRL,5.3741
2023-07-21,EUR,BRL,5.3511
2023-07-22,EUR,BRL,5.3483
2023-07-23,EUR,BRL,5.3443
2023-07-24,EUR,BRL,5.3084
2023-07-25,EUR,BRL,5.2552
2023-07-26,EUR,BRL,5.2506
2023-07-27,EUR,BRL,5.2565
2023-07-28,EUR,BRL,5.2252
2023-07-29,EUR,BRL,5.2197
2023-07-30,EUR,BRL,5.2174
2023-07-31,EUR,BRL,5.2209
2023-08-01,EUR,BRL,5.2226
2023-08-02,EUR,BRL,5.2502
2023-08-03,EUR,BRL,5.287
2023-08-04,EUR,BRL,5.337
2023-08-05,EUR,BRL,5.3441
2023-08-06,EUR,BRL,5.3512
2023-08-07,EUR,BRL,5.361
2023-08-08,EUR,BRL,5.3775
2023-08-09,EUR,BRL,5.3744
2023-08-10,EUR,BRL,5.372
2023-08-11,EUR,BRL,5.3686
2023-08-12,EUR,BRL,5.3665
2023-08-13,EUR,BRL,5.3679
2023-08-14,EUR,BRL,5.3777
2023-08-15,EUR,BRL,5.4096
2023-08-16,EUR,BRL,5.4265
2023-08-17,EUR,BRL,5.4242
2023-08-18,EUR,BRL,5.4086
2023-08-19,EUR,BRL,5.4081
2023-08-20,EUR,BRL,5.4081
2023-08-21,EUR,BRL,5.4075
2023-08-22,EUR,BRL,5.4052
2023-08-23,EUR,BRL,5.3506
2023-08-24,EUR,BRL,5.2931
2023-08-25,EUR,BRL,5.2692
2023-08-26,EUR,BRL,5.266
2023-08-27,EUR,BRL,5.2662
2023-08-28,EUR,BRL,5.2691
2023-08-29,EUR,BRL,5.2708
2023-08-30,EUR,BRL,5.2826
2023-08-31,EUR,BRL,5.3242
2023-09-01,EUR,BRL,5.3486
2023-09-02,EUR,BRL,5.349
2023-09-03,EUR,BRL,5.3498
2023-09-04,EUR,BRL,5.3387
2023-09-05,EUR,BRL,5.3304
2023-09-06,EUR,BRL,5.3339
2023-09-07,EUR,BRL,5.3357
2023-09-08,EUR,BRL,5.3348
2023-09-09,EUR,BRL,5.3331
2023-09-10,EUR,BRL,5.3332
2023-09-11,EUR,BRL,5.3263
2023-09-12,EUR,BRL,5.3117
2023-09-13,EUR,BRL,5.3075
2023-09-14,EUR,BRL,5.2701
2023-09-15,EUR,BRL,5.214
2023-09-16,EUR,BRL,5.2065
2023-09-17,EUR,BRL,5.2015
2023-09-18,EUR,BRL,5.1936
2023-09-19,EUR,BRL,5.1928
2023-09-20,EUR,BRL,5.2012
2023-09-21,EUR,BRL,5.2151
2023-09-22,EUR,BRL,5.2331
2023-09-23,EUR,BRL,5.2361
2023-09-24,EUR,BRL,5.2397
2023-09-25,EUR,BRL,5.2557
2023-09-26,EUR,BRL,5.2626
2023-09-27,EUR,BRL,5.2786
2023-09-28,EUR,BRL,5.2931
2023-09-29,EUR,BRL,5.3014
2023-09-30,EUR,BRL,5.3044
2023-10-01,EUR,BRL,5.3084
2023-10-02,EUR,BRL,5.3321
2023-10-03,EUR,BRL,5.3299
2023-10-04,EUR,BRL,5.3842
2023-10-05,EUR,BRL,5.4207
2023-10-06,EUR,BRL,5.4457
2023-10-07,EUR,BRL,5.4499
2023-10-08,EUR,BRL,5.4515
2023-10-09,EUR,BRL,5.4405
2023-10-10,EUR,BRL,5.4214
2023-10-11,EUR,BRL,5.3739
2023-10-12,EUR,BRL,5.3646
2023-10-13,EUR,BRL,5.3457
2023-10-14,EUR,BRL,5.3397
2023-10-15,EUR,BRL,5.3379
2023-10-16,EUR,BRL,5.3412
2023-10-17,EUR,BRL,5.3262
2023-10-18,EUR,BRL,5.3282
2023-10-19,EUR,BRL,5.3392
2023-10-20,EUR,BRL,5.345
2023-10-21,EUR,BRL,5.3467
2023-10-22,EUR,BRL,5.3463
2023-10-23,EUR,BRL,5.3399
2023-10-24,EUR,BRL,5.3388
2023-10-25,EUR,BRL,5.3026
2023-10-26,EUR,BRL,5.2823
2023-10-27,EUR,BRL,5.2662
2023-10-28,EUR,BRL,5.2646
2023-10-29,EUR,BRL,5.2659
2023-10-30,EUR,BRL,5.2955
2023-10-31,EUR,BRL,5.3431
2023-11-01,EUR,BRL,5.3246
2023-11-02,EUR,BRL,5.2792
2023-11-03,EUR,BRL,5.26
2023-11-04,EUR,BRL,5.2597
2023-11-05,EUR,BRL,5.2586
2023-11-06,EUR,BRL,5.2661
2023-11-07,EUR,BRL,5.2339
2023-11-08,EUR,BRL,5.2219
2023-11-09,EUR,BRL,5.2443
2023-11-10,EUR,BRL,5.2586
2023-11-11,EUR,BRL,5.2599
2023-11-12,EUR,BRL,5.26
2023-11-13,EUR,BRL,5.2549
2023-11-14,EUR,BRL,5.2518
2023-11-15,EUR,BRL,5.2809
2023-11-16,EUR,BRL,5.2798
2023-11-17,EUR,BRL,5.2917
2023-11-18,EUR,BRL,5.2964
2023-11-19,EUR,BRL,5.3004
2023-11-20,EUR,BRL,5.333
2023-11-21,EUR,BRL,5.3384
2023-11-22,EUR,BRL,5.3429
2023-11-23,EUR,BRL,5.3439
2023-11-24,EUR,BRL,5.3456
2023-11-25,EUR,BRL,5.3469
2023-11-26,EUR,BRL,5.3488
2023-11-27,EUR,BRL,5.3593
2023-11-28,EUR,BRL,5.3593
2023-11-29,EUR,BRL,5.3694
2023-11-30,EUR,BRL,5.386
2023-12-01,EUR,BRL,5.3576
2023-12-02,EUR,BRL,5.3562
2023-12-03,EUR,BRL,5.3527
2023-12-04,EUR,BRL,5.3284
2023-12-05,EUR,BRL,5.3532
2023-12-06,EUR,BRL,5.3206
2023-12-07,EUR,BRL,5.2828
2023-12-08,EUR,BRL,5.2981
2023-12-09,EUR,BRL,5.2982
2023-12-10,EUR,BRL,5.3
2023-12-11,EUR,BRL,5.3073
2023-12-12,EUR,BRL,5.3256
2023-12-13,EUR,BRL,5.354
2023-12-14,EUR,BRL,5.3498
2023-12-15,EUR,BRL,5.3994
2023-12-16,EUR,BRL,5.4031
2023-12-17,EUR,BRL,5.4037
2023-12-18,EUR,BRL,5.3953
2023-12-19,EUR,BRL,5.3526
2023-12-20,EUR,BRL,5.3501
2023-12-21,EUR,BRL,5.3679
2023-12-22,EUR,BRL,5.3663
2023-12-23,EUR,BRL,5.3675
2023-12-24,EUR,BRL,5.3661
2023-12-25,EUR,BRL,5.3649
2023-12-26,EUR,BRL,5.3599
2023-12-27,EUR,BRL,5.3461
2023-12-28,EUR,BRL,5.3657
2023-12-29,EUR,BRL,5.3716
2023-12-30,EUR,BRL,5.3696
2023-12-31,EUR,BRL,5.3691
2024-01-01,EUR,BRL,5.3691
2024-01-02,EUR,BRL,5.3684
2024-01-03,EUR,BRL,5.3764
2024-01-04,EUR,BRL,5.3743
2024-01-05,EUR,BRL,5.3608
2024-01-06,EUR,BRL,5.36
2024-01-07,EUR,BRL,5.3572
2024-01-08,EUR,BRL,5.345
2024-01-09,EUR,BRL,5.3446
2024-01-10,EUR,BRL,5.3558
2024-01-11,EUR,BRL,5.3597
2024-01-12,EUR,BRL,5.3429
2024-01-13,EUR,BRL,5.3408
2024-01-14,EUR,BRL,5.3383
2024-01-15,EUR,BRL,5.3319
2024-01-16,EUR,BRL,5.3274
2024-01-17,EUR,BRL,5.3492
2024-01-18,EUR,BRL,5.3648
2024-01-19,EUR,BRL,5.3624
2024-01-20,EUR,BRL,5.363
2024-01-21,EUR,BRL,5.3627
2024-01-22,EUR,BRL,5.3723
2024-01-23,EUR,BRL,5.3978
2024-01-24,EUR,BRL,5.3766
2024-01-25,EUR,BRL,5.3671
2024-01-26,EUR,BRL,5.3392
2024-01-27,EUR,BRL,5.3372
2024-01-28,EUR,BRL,5.3352
2024-01-29,EUR,BRL,5.3278
2024-01-30,EUR,BRL,5.3572
2024-01-31,EUR,BRL,5.3597
2024-02-01,EUR,BRL,5.3544
2024-02-02,EUR,BRL,5.3523
2024-02-03,EUR,BRL,5.3523
2024-02-04,EUR,BRL,5.3527
2024-02-05,EUR,BRL,5.366
2024-02-06,EUR,BRL,5.3484
2024-02-07,EUR,BRL,5.3482
2024-02-08,EUR,BRL,5.3581
2024-02-09,EUR,BRL,5.3632
2024-02-10,EUR,BRL,5.3649
2024-02-11,EUR,BRL,5.365
2024-02-12,EUR,BRL,5.35
2024-02-13,EUR,BRL,5.3443
2024-02-14,EUR,BRL,5.3227
2024-02-15,EUR,BRL,5.3383
2024-02-16,EUR,BRL,5.3505
2024-02-17,EUR,BRL,5.3521
2024-02-18,EUR,BRL,5.3526
2024-02-19,EUR,BRL,5.3504
2024-02-20,EUR,BRL,5.3496
2024-02-21,EUR,BRL,5.3355
2024-02-22,EUR,BRL,5.3523
2024-02-23,EUR,BRL,5.3824
2024-02-24,EUR,BRL,5.3835
2024-02-25,EUR,BRL,5.3848
2024-02-26,EUR,BRL,5.4043
2024-02-27,EUR,BRL,5.3995
2024-02-28,EUR,BRL,5.3654
2024-02-29,EUR,BRL,5.3912
2024-03-01,EUR,BRL,5.375
2024-03-02,EUR,BRL,5.3733
2024-03-03,EUR,BRL,5.3731
2024-03-04,EUR,BRL,5.3728
2024-03-05,EUR,BRL,5.3758
2024-03-06,EUR,BRL,5.3782
2024-03-07,EUR,BRL,5.3872
2024-03-08,EUR,BRL,5.4136
2024-03-09,EUR,BRL,5.4152
2024-03-10,EUR,BRL,5.4182
2024-03-11,EUR,BRL,5.4393
2024-03-12,EUR,BRL,5.4442
2024-03-13,EUR,BRL,5.4464
2024-03-14,EUR,BRL,5.4394
2024-03-15,EUR,BRL,5.4416
2024-03-16,EUR,BRL,5.4417
2024-03-17,EUR,BRL,5.4413
2024-03-18,EUR,BRL,5.446
2024-03-19,EUR,BRL,5.4668
2024-03-20,EUR,BRL,5.4552
2024-03-21,EUR,BRL,5.4396
2024-03-22,EUR,BRL,5.419
2024-03-23,EUR,BRL,5.4167
2024-03-24,EUR,BRL,5.4147
2024-03-25,EUR,BRL,5.4135
2024-03-26,EUR,BRL,5.4138
2024-03-27,EUR,BRL,5.4034
2024-03-28,EUR,BRL,5.4009
2024-03-29,EUR,BRL,5.4012
2024-03-30,EUR,BRL,5.4026
2024-03-31,EUR,BRL,5.4045
2024-04-01,EUR,BRL,5.4152
2024-04-02,EUR,BRL,5.4305
2024-04-03,EUR,BRL,5.453
2024-04-04,EUR,BRL,5.4623
2024-04-05,EUR,BRL,5.4722
2024-04-06,EUR,BRL,5.4721
2024-04-07,EUR,BRL,5.4729
2024-04-08,EUR,BRL,5.482
2024-04-09,EUR,BRL,5.4545
2024-04-10,EUR,BRL,5.4561
2024-04-11,EUR,BRL,5.4612
2024-04-12,EUR,BRL,5.463
2024-04-13,EUR,BRL,5.4592
2024-04-14,EUR,BRL,5.4587
2024-04-15,EUR,BRL,5.4672
2024-04-16,EUR,BRL,5.5411
2024-04-17,EUR,BRL,5.5907
2024-04-18,EUR,BRL,5.6065
2024-04-19,EUR,BRL,5.5968
2024-04-20,EUR,BRL,5.5978
2024-04-21,EUR,BRL,5.5953
2024-04-22,EUR,BRL,5.5606
2024-04-23,EUR,BRL,5.5255
2024-04-24,EUR,BRL,5.5073
2024-04-25,EUR,BRL,5.5152
2024-04-26,EUR,BRL,5.5243
2024-04-27,EUR,BRL,5.5246
2024-04-28,EUR,BRL,5.5227
2024-04-29,EUR,BRL,5.4948
2024-04-30,EUR,BRL,5.4999
2024-05-01,EUR,BRL,5.5043
2024-05-02,EUR,BRL,5.5197
2024-05-03,EUR,BRL,5.4983
2024-05-04,EUR,BRL,5.4981
2024-05-05,EUR,BRL,5.4925
2024-05-06,EUR,BRL,5.4702
2024-05-07,EUR,BRL,5.4647
2024-05-08,EUR,BRL,5.4664
2024-05-09,EUR,BRL,5.4903
2024-05-10,EUR,BRL,5.5241
2024-05-11,EUR,BRL,5.5275
2024-05-12,EUR,BRL,5.5327
2024-05-13,EUR,BRL,5.5468
2024-05-14,EUR,BRL,5.551
2024-05-15,EUR,BRL,5.5697
2024-05-16,EUR,BRL,5.5771
2024-05-17,EUR,BRL,5.5716
2024-05-18,EUR,BRL,5.5704
2024-05-19,EUR,BRL,5.5683
2024-05-20,EUR,BRL,5.5587
2024-05-21,EUR,BRL,5.5477
2024-05-22,EUR,BRL,5.5676
2024-05-23,EUR,BRL,5.5778
2024-05-24,EUR,BRL,5.5743
2024-05-25,EUR,BRL,5.5742
2024-05-26,EUR,BRL,5.5756
2024-05-27,EUR,BRL,5.6018
2024-05-28,EUR,BRL,5.6153
2024-05-29,EUR,BRL,5.6211
2024-05-30,EUR,BRL,5.6216
2024-05-31,EUR,BRL,5.6449
2024-06-01,EUR,BRL,5.647
2024-06-02,EUR,BRL,5.6506
2024-06-03,EUR,BRL,5.6836
2024-06-04,EUR,BRL,5.7185
2024-06-05,EUR,BRL,5.7351
2024-06-06,EUR,BRL,5.7514
2024-06-07,EUR,BRL,5.7327
2024-06-08,EUR,BRL,5.73
2024-06-09,EUR,BRL,5.7307
2024-06-10,EUR,BRL,5.745
2024-06-11,EUR,BRL,5.7518
2024-06-12,EUR,BRL,5.771
2024-06-13,EUR,BRL,5.8198
2024-06-14,EUR,BRL,5.7672
2024-06-15,EUR,BRL,5.7606
2024-06-16,EUR,BRL,5.7606
2024-06-17,EUR,BRL,5.7757
2024-06-18,EUR,BRL,5.8026
2024-06-19,EUR,BRL,5.8344
2024-06-20,EUR,BRL,5.824
2024-06-21,EUR,BRL,5.8204
2024-06-22,EUR,BRL,5.8199
2024-06-23,EUR,BRL,5.8188
2024-06-24,EUR,BRL,5.81
2024-06-25,EUR,BRL,5.8058
2024-06-26,EUR,BRL,5.8402
2024-06-27,EUR,BRL,5.887
2024-06-28,EUR,BRL,5.9081
2024-06-29,EUR,BRL,5.908
2024-06-30,EUR,BRL,5.9123
2024-07-01,EUR,BRL,5.9823
2024-07-02,EUR,BRL,6.0524
2024-07-03,EUR,BRL,6.0582
2024-07-04,EUR,BRL,5.9865
2024-07-05,EUR,BRL,5.9621
2024-07-06,EUR,BRL,5.9615
2024-07-07,EUR,BRL,5.9612
2024-07-08,EUR,BRL,5.9302
2024-07-09,EUR,BRL,5.9158
2024-07-10,EUR,BRL,5.8693
2024-07-11,EUR,BRL,5.8775
2024-07-12,EUR,BRL,5.9076
2024-07-13,EUR,BRL,5.9108
2024-07-14,EUR,BRL,5.9137
2024-07-15,EUR,BRL,5.9313
2024-07-16,EUR,BRL,5.9311
2024-07-17,EUR,BRL,5.9473
2024-07-18,EUR,BRL,6.0071
2024-07-19,EUR,BRL,6.0407
2024-07-20,EUR,BRL,6.0421
2024-07-21,EUR,BRL,6.0469
2024-07-22,EUR,BRL,6.0786
2024-07-23,EUR,BRL,6.0691
2024-07-24,EUR,BRL,6.0773
2024-07-25,EUR,BRL,6.1245
2024-07-26,EUR,BRL,6.1271
2024-07-27,EUR,BRL,6.1267
2024-07-28,EUR,BRL,6.1275
2024-07-29,EUR,BRL,6.1312
2024-07-30,EUR,BRL,6.0992
2024-07-31,EUR,BRL,6.0959
2024-08-01,EUR,BRL,6.121
2024-08-02,EUR,BRL,6.203
2024-08-03,EUR,BRL,6.2096
2024-08-04,EUR,BRL,6.2148
2024-08-05,EUR,BRL,6.2737
2024-08-06,EUR,BRL,6.2376
2024-08-07,EUR,BRL,6.176
2024-08-08,EUR,BRL,6.1524
2024-08-09,EUR,BRL,6.0833
2024-08-10,EUR,BRL,6.0757
2024-08-11,EUR,BRL,6.0676
2024-08-12,EUR,BRL,6.025
2024-08-13,EUR,BRL,6.013
2024-08-14,EUR,BRL,6.0097
2024-08-15,EUR,BRL,6.0246
2024-08-16,EUR,BRL,6.0249
2024-08-17,EUR,BRL,6.0246
2024-08-18,EUR,BRL,6.0243
2024-08-19,EUR,BRL,6.0217
2024-08-20,EUR,BRL,6.035
2024-08-21,EUR,BRL,6.0762
2024-08-22,EUR,BRL,6.1427
2024-08-23,EUR,BRL,6.1746
2024-08-24,EUR,BRL,6.1806
2024-08-25,EUR,BRL,6.1823
2024-08-26,EUR,BRL,6.1423
2024-08-27,EUR,BRL,6.1417
2024-08-28,EUR,BRL,6.1556
2024-08-29,EUR,BRL,6.1957
2024-08-30,EUR,BRL,6.2233
2024-08-31,EUR,BRL,6.225
2024-09-01,EUR,BRL,6.2252
2024-09-02,EUR,BRL,6.2171
2024-09-03,EUR,BRL,6.215
2024-09-04,EUR,BRL,6.2388
2024-09-05,EUR,BRL,6.2357
2024-09-06,EUR,BRL,6.2066
2024-09-07,EUR,BRL,6.2032
2024-09-08,EUR,BRL,6.2007
2024-09-09,EUR,BRL,6.1993
2024-09-10,EUR,BRL,6.1797
2024-09-11,EUR,BRL,6.2217
2024-09-12,EUR,BRL,6.2324
2024-09-13,EUR,BRL,6.2167
2024-09-14,EUR,BRL,6.218
2024-09-15,EUR,BRL,6.218
2024-09-16,EUR,BRL,6.1885
2024-09-17,EUR,BRL,6.1462
2024-09-18,EUR,BRL,6.1138
2024-09-19,EUR,BRL,6.0684
2024-09-20,EUR,BRL,6.0861
2024-09-21,EUR,BRL,6.0835
2024-09-22,EUR,BRL,6.0872
2024-09-23,EUR,BRL,6.1523
2024-09-24,EUR,BRL,6.1388
2024-09-25,EUR,BRL,6.1178
2024-09-26,EUR,BRL,6.0904
2024-09-27,EUR,BRL,6.0864
2024-09-28,EUR,BRL,6.0863
2024-09-29,EUR,BRL,6.085
2024-09-30,EUR,BRL,6.0764
2024-10-01,EUR,BRL,6.0589
2024-10-02,EUR,BRL,6.0275
2024-10-03,EUR,BRL,6.0247
2024-10-04,EUR,BRL,6.0381
2024-10-05,EUR,BRL,6.0385
2024-10-06,EUR,BRL,6.0375
2024-10-07,EUR,BRL,5.9959
2024-10-08,EUR,BRL,6.0356
2024-10-09,EUR,BRL,6.0726
2024-10-10,EUR,BRL,6.0994
2024-10-11,EUR,BRL,6.1072
2024-10-12,EUR,BRL,6.1074
2024-10-13,EUR,BRL,6.1086
2024-10-14,EUR,BRL,6.1299
2024-10-15,EUR,BRL,6.1119
2024-10-16,EUR,BRL,6.1483
2024-10-17,EUR,BRL,6.1579
2024-10-18,EUR,BRL,6.1395
2024-10-19,EUR,BRL,6.1384
2024-10-20,EUR,BRL,6.1393
2024-10-21,EUR,BRL,6.1746
2024-10-22,EUR,BRL,6.1636
2024-10-23,EUR,BRL,6.1547
2024-10-24,EUR,BRL,6.1444
2024-10-25,EUR,BRL,6.1444
2024-10-26,EUR,BRL,6.1436
2024-10-27,EUR,BRL,6.1455
2024-10-28,EUR,BRL,6.1506
2024-10-29,EUR,BRL,6.1732
2024-10-30,EUR,BRL,6.2368
2024-10-31,EUR,BRL,6.2614
2024-11-01,EUR,BRL,6.2891
2024-11-02,EUR,BRL,6.2903
2024-11-03,EUR,BRL,6.2962
2024-11-04,EUR,BRL,6.3363
2024-11-05,EUR,BRL,6.3126
2024-11-06,EUR,BRL,6.2356
2024-11-07,EUR,BRL,6.1399
2024-11-08,EUR,BRL,6.1783
2024-11-09,EUR,BRL,6.1812
2024-11-10,EUR,BRL,6.1836
2024-11-11,EUR,BRL,6.1818
2024-11-12,EUR,BRL,6.1375
2024-11-13,EUR,BRL,6.1239
2024-11-14,EUR,BRL,6.1202
2024-11-15,EUR,BRL,6.1186
2024-11-16,EUR,BRL,6.1201
2024-11-17,EUR,BRL,6.1197
2024-11-18,EUR,BRL,6.1117
2024-11-19,EUR,BRL,6.1125
2024-11-20,EUR,BRL,6.1053
2024-11-21,EUR,BRL,6.1179
2024-11-22,EUR,BRL,6.0879
2024-11-23,EUR,BRL,6.0822
2024-11-24,EUR,BRL,6.079
2024-11-25,EUR,BRL,6.0844
2024-11-26,EUR,BRL,6.093
2024-11-27,EUR,BRL,6.1248
2024-11-28,EUR,BRL,6.2403
2024-11-29,EUR,BRL,6.3459
2024-11-30,EUR,BRL,6.3539
2024-12-01,EUR,BRL,6.358
2024-12-02,EUR,BRL,6.3426
2024-12-03,EUR,BRL,6.3679
2024-12-04,EUR,BRL,6.3668
2024-12-05,EUR,BRL,6.3444
2024-12-06,EUR,BRL,6.368
2024-12-07,EUR,BRL,6.3693
2024-12-08,EUR,BRL,6.3739
2024-12-09,EUR,BRL,6.4074
2024-12-10,EUR,BRL,6.3996
2024-12-11,EUR,BRL,6.3632
2024-12-12,EUR,BRL,6.2768
2024-12-13,EUR,BRL,6.314
2024-12-14,EUR,BRL,6.3182
2024-12-15,EUR,BRL,6.323
2024-12-16,EUR,BRL,6.3485
2024-12-17,EUR,BRL,6.4292
2024-12-18,EUR,BRL,6.4464
2024-12-19,EUR,BRL,6.485
2024-12-20,EUR,BRL,6.3847
2024-12-21,EUR,BRL,6.3764
2024-12-22,EUR,BRL,6.3665
2024-12-23,EUR,BRL,6.3843
2024-12-24,EUR,BRL,6.4109
2024-12-25,EUR,BRL,6.4231
2024-12-26,EUR,BRL,6.4244
2024-12-27,EUR,BRL,6.4435
2024-12-28,EUR,BRL,6.4481
2024-12-29,EUR,BRL,6.4498
2024-12-30,EUR,BRL,6.4622
2024-12-31,EUR,BRL,6.4482
2025-01-01,EUR,BRL,6.4441
2025-01-02,EUR,BRL,6.4206
2025-01-03,EUR,BRL,6.37
2025-01-04,EUR,BRL,6.3643
2025-01-05,EUR,BRL,6.3622
2025-01-06,EUR,BRL,6.3632
2025-01-07,EUR,BRL,6.3473
2025-01-08,EUR,BRL,6.335
2025-01-09,EUR,BRL,6.304
2025-01-10,EUR,BRL,6.2621
2025-01-11,EUR,BRL,6.2563
2025-01-12,EUR,BRL,6.2548
2025-01-13,EUR,BRL,6.2443
2025-01-14,EUR,BRL,6.2407
2025-01-15,EUR,BRL,6.243
2025-01-16,EUR,BRL,6.2202
2025-01-17,EUR,BRL,6.2349
2025-01-18,EUR,BRL,6.2374
2025-01-19,EUR,BRL,6.2402
2025-01-20,EUR,BRL,6.2595
2025-01-21,EUR,BRL,6.2731
2025-01-22,EUR,BRL,6.2642
2025-01-23,EUR,BRL,6.2185
2025-01-24,EUR,BRL,6.1954
2025-01-25,EUR,BRL,6.1969
2025-01-26,EUR,BRL,6.1992
2025-01-27,EUR,BRL,6.2229
2025-01-28,EUR,BRL,6.1836
2025-01-29,EUR,BRL,6.127
2025-01-30,EUR,BRL,6.1439
2025-01-31,EUR,BRL,6.1085
2025-02-01,EUR,BRL,6.1052
2025-02-02,EUR,BRL,6.0944
2025-02-03,EUR,BRL,6.0334
2025-02-04,EUR,BRL,6.0054
2025-02-05,EUR,BRL,6.0186
2025-02-06,EUR,BRL,6.0215
2025-02-07,EUR,BRL,5.9946
2025-02-08,EUR,BRL,5.9919
2025-02-09,EUR,BRL,5.9906
2025-02-10,EUR,BRL,5.9838
2025-02-11,EUR,BRL,5.9784
2025-02-12,EUR,BRL,5.9792
2025-02-13,EUR,BRL,6.0092
2025-02-14,EUR,BRL,6.0152
2025-02-15,EUR,BRL,6.0182
2025-02-16,EUR,BRL,6.0172
2025-02-17,EUR,BRL,5.9991
2025-02-18,EUR,BRL,5.982
2025-02-19,EUR,BRL,5.9699
2025-02-20,EUR,BRL,5.9625
2025-02-21,EUR,BRL,5.9804
2025-02-22,EUR,BRL,5.9808
2025-02-23,EUR,BRL,5.9821
2025-02-24,EUR,BRL,6.0006
2025-02-25,EUR,BRL,6.049
2025-02-26,EUR,BRL,6.0509
2025-02-27,EUR,BRL,6.0778
2025-02-28,EUR,BRL,6.0828
2025-03-01,EUR,BRL,6.0821
2025-03-02,EUR,BRL,6.083
2025-03-03,EUR,BRL,6.1118
2025-03-04,EUR,BRL,6.1625
2025-03-05,EUR,BRL,6.2439
2025-03-06,EUR,BRL,6.2244
2025-03-07,EUR,BRL,6.2419
2025-03-08,EUR,BRL,6.2447
2025-03-09,EUR,BRL,6.2483
2025-03-10,EUR,BRL,6.2739
2025-03-11,EUR,BRL,6.3369
2025-03-12,EUR,BRL,6.3524
2025-03-13,EUR,BRL,6.3203
2025-03-14,EUR,BRL,6.277
2025-03-15,EUR,BRL,6.2775
2025-03-16,EUR,BRL,6.2743
2025-03-17,EUR,BRL,6.2449
2025-03-18,EUR,BRL,6.2162
2025-03-19,EUR,BRL,6.2004
2025-03-20,EUR,BRL,6.1649
2025-03-21,EUR,BRL,6.1769
2025-03-22,EUR,BRL,6.1788
2025-03-23,EUR,BRL,6.1812
2025-03-24,EUR,BRL,6.2067
2025-03-25,EUR,BRL,6.2043
2025-03-26,EUR,BRL,6.1799
2025-03-27,EUR,BRL,6.1908
2025-03-28,EUR,BRL,6.211
2025-03-29,EUR,BRL,6.2115
2025-03-30,EUR,BRL,6.2115
2025-03-31,EUR,BRL,6.2193
2025-04-01,EUR,BRL,6.1857
2025-04-02,EUR,BRL,6.151
2025-04-03,EUR,BRL,6.1893
2025-04-04,EUR,BRL,6.283
2025-04-05,EUR,BRL,6.2812
2025-04-06,EUR,BRL,6.2902
2025-04-07,EUR,BRL,6.3984
2025-04-08,EUR,BRL,6.4483
2025-04-09,EUR,BRL,6.5977
2025-04-10,EUR,BRL,6.515
2025-04-11,EUR,BRL,6.5917
2025-04-12,EUR,BRL,6.611
2025-04-13,EUR,BRL,6.6256
2025-04-14,EUR,BRL,6.6582
2025-04-15,EUR,BRL,6.649
2025-04-16,EUR,BRL,6.6664
2025-04-17,EUR,BRL,6.6721
2025-04-18,EUR,BRL,6.6642
2025-04-19,EUR,BRL,6.6628
2025-04-20,EUR,BRL,6.6589
2025-04-21,EUR,BRL,6.6675
2025-04-22,EUR,BRL,6.6602
2025-04-23,EUR,BRL,6.5415
2025-04-24,EUR,BRL,6.4801
2025-04-25,EUR,BRL,6.4646
2025-04-26,EUR,BRL,6.4614
2025-04-27,EUR,BRL,6.4607
2025-04-28,EUR,BRL,6.4578
2025-04-29,EUR,BRL,6.4381
2025-04-30,EUR,BRL,6.4125
2025-05-01,EUR,BRL,6.4011
2025-05-02,EUR,BRL,6.4133
2025-05-03,EUR,BRL,6.4143
2025-05-04,EUR,BRL,6.4121
2025-05-05,EUR,BRL,6.4102
2025-05-06,EUR,BRL,6.4495
2025-05-07,EUR,BRL,6.483
2025-05-08,EUR,BRL,6.4779
2025-05-09,EUR,BRL,6.3999
2025-05-10,EUR,BRL,6.3964
2025-05-11,EUR,BRL,6.3885
2025-05-12,EUR,BRL,6.3583
2025-05-13,EUR,BRL,6.2974
2025-05-14,EUR,BRL,6.2899
2025-05-15,EUR,BRL,6.3164
2025-05-16,EUR,BRL,6.3535
2025-05-17,EUR,BRL,6.3564
2025-05-18,EUR,BRL,6.357
2025-05-19,EUR,BRL,6.3616
2025-05-20,EUR,BRL,6.3663
2025-05-21,EUR,BRL,6.405
2025-05-22,EUR,BRL,6.3971
2025-05-23,EUR,BRL,6.4329
2025-05-24,EUR,BRL,6.4395
2025-05-25,EUR,BRL,6.4403
2025-05-26,EUR,BRL,6.445
2025-05-27,EUR,BRL,6.4424
2025-05-28,EUR,BRL,6.4199
2025-05-29,EUR,BRL,6.408
2025-05-30,EUR,BRL,6.4425
2025-05-31,EUR,BRL,6.4433
2025-06-01,EUR,BRL,6.4486
2025-06-02,EUR,BRL,6.487
2025-06-03,EUR,BRL,6.4821
2025-06-04,EUR,BRL,6.4293
2025-06-05,EUR,BRL,6.4207
2025-06-06,EUR,BRL,6.3967
2025-06-07,EUR,BRL,6.3946
2025-06-08,EUR,BRL,6.3943
2025-06-09,EUR,BRL,6.372
2025-06-10,EUR,BRL,6.3531
2025-06-11,EUR,BRL,6.3621
2025-06-12,EUR,BRL,6.3836
2025-06-13,EUR,BRL,6.4055
2025-06-14,EUR,BRL,6.403
2025-06-15,EUR,BRL,6.4039
2025-06-16,EUR,BRL,6.3917
2025-06-17,EUR,BRL,6.36
2025-06-18,EUR,BRL,6.3246
2025-06-19,EUR,BRL,6.3094
2025-06-20,EUR,BRL,6.3175
2025-06-21,EUR,BRL,6.3189
2025-06-22,EUR,BRL,6.3224
2025-06-23,EUR,BRL,6.3506
2025-06-24,EUR,BRL,6.3652
2025-06-25,EUR,BRL,6.4122
2025-06-26,EUR,BRL,6.4592
2025-06-27,EUR,BRL,6.4333
2025-06-28,EUR,BRL,6.4289
2025-06-29,EUR,BRL,6.4308
2025-06-30,EUR,BRL,6.4241
2025-07-01,EUR,BRL,6.4117
2025-07-02,EUR,BRL,6.4293
2025-07-03,EUR,BRL,6.3966
2025-07-04,EUR,BRL,6.3805
2025-07-05,EUR,BRL,6.3786
2025-07-06,EUR,BRL,6.3782
2025-07-07,EUR,BRL,6.3924
2025-07-08,EUR,BRL,6.41
2025-07-09,EUR,BRL,6.4004
2025-07-10,EUR,BRL,6.4995
2025-07-11,EUR,BRL,6.5039
2025-07-12,EUR,BRL,6.5002
2025-07-13,EUR,BRL,6.4978
2025-07-14,EUR,BRL,6.4929
2025-07-15,EUR,BRL,6.5124
2025-07-16,EUR,BRL,6.479
2025-07-17,EUR,BRL,6.469
2025-07-18,EUR,BRL,6.4617
2025-07-19,EUR,BRL,6.4624
2025-07-20,EUR,BRL,6.464
2025-07-21,EUR,BRL,6.4903
2025-07-22,EUR,BRL,6.5112
2025-07-23,EUR,BRL,6.5239
2025-07-24,EUR,BRL,6.4995
2025-07-25,EUR,BRL,6.4961
2025-07-26,EUR,BRL,6.4944
2025-07-27,EUR,BRL,6.4963
2025-07-28,EUR,BRL,6.5157
2025-07-29,EUR,BRL,6.4726
2025-07-30,EUR,BRL,6.4517
2025-07-31,EUR,BRL,6.4084
2025-08-01,EUR,BRL,6.4016
2025-08-02,EUR,BRL,6.4056
2025-08-03,EUR,BRL,6.4056
2025-08-04,EUR,BRL,6.4007
2025-08-05,EUR,BRL,6.3796
2025-08-06,EUR,BRL,6.3744
2025-08-07,EUR,BRL,6.3697
2025-08-08,EUR,BRL,6.3458
2025-08-09,EUR,BRL,6.3412
2025-08-10,EUR,BRL,6.3376
2025-08-11,EUR,BRL,6.335
2025-08-12,EUR,BRL,6.3123
2025-08-13,EUR,BRL,6.3102
2025-08-14,EUR,BRL,6.3136
2025-08-15,EUR,BRL,6.309
2025-08-16,EUR,BRL,6.3107
2025-08-17,EUR,BRL,6.31
2025-08-18,EUR,BRL,6.3245
2025-08-19,EUR,BRL,6.3512
2025-08-20,EUR,BRL,6.3801
2025-08-21,EUR,BRL,6.3834
2025-08-22,EUR,BRL,6.3545
2025-08-23,EUR,BRL,6.3534
2025-08-24,EUR,BRL,6.3505
2025-08-25,EUR,BRL,6.344
2025-08-26,EUR,BRL,6.3132
2025-08-27,EUR,BRL,6.315
2025-08-28,EUR,BRL,6.3081
2025-08-29,EUR,BRL,6.3283
2025-08-30,EUR,BRL,6.3282
2025-08-31,EUR,BRL,6.3293
2025-09-01,EUR,BRL,6.3524
2025-09-02,EUR,BRL,6.3657
2025-09-03,EUR,BRL,6.3568
2025-09-04,EUR,BRL,6.3578
2025-09-05,EUR,BRL,6.3455
2025-09-06,EUR,BRL,6.3467
2025-09-07,EUR,BRL,6.3468
2025-09-08,EUR,BRL,6.352
2025-09-09,EUR,BRL,6.3742
2025-09-10,EUR,BRL,6.3592
2025-09-11,EUR,BRL,6.3354
2025-09-12,EUR,BRL,6.3158
2025-09-13,EUR,BRL,6.3156
2025-09-14,EUR,BRL,6.3137
2025-09-15,EUR,BRL,6.2831
2025-09-16,EUR,BRL,6.2743
2025-09-17,EUR,BRL,6.2802
2025-09-18,EUR,BRL,6.2609
2025-09-19,EUR,BRL,6.2639
2025-09-20,EUR,BRL,6.2616
2025-09-21,EUR,BRL,6.2611
2025-09-22,EUR,BRL,6.2726
2025-09-23,EUR,BRL,6.2844
2025-09-24,EUR,BRL,6.2499
2025-09-25,EUR,BRL,6.2515
2025-09-26,EUR,BRL,6.2557
2025-09-27,EUR,BRL,6.2559
2025-09-28,EUR,BRL,6.2558
2025-09-29,EUR,BRL,6.2542
2025-09-30,EUR,BRL,6.2473
2025-10-01,EUR,BRL,6.2481
2025-10-02,EUR,BRL,6.256
2025-10-03,EUR,BRL,6.2691
2025-10-04,EUR,BRL,6.2699
2025-10-05,EUR,BRL,6.2702
2025-10-06,EUR,BRL,6.2474
2025-10-07,EUR,BRL,6.2274
2025-10-08,EUR,BRL,6.2309
2025-10-09,EUR,BRL,6.2171
2025-10-10,EUR,BRL,6.2359
2025-10-11,EUR,BRL,6.2364
2025-10-12,EUR,BRL,6.2466
2025-10-13,EUR,BRL,6.3361
2025-10-14,EUR,BRL,6.347
2025-10-15,EUR,BRL,6.3521
2025-10-16,EUR,BRL,6.3553
2025-10-17,EUR,BRL,6.3517
2025-10-18,EUR,BRL,6.3529
2025-10-19,EUR,BRL,6.3503
2025-10-20,EUR,BRL,6.3129
2025-10-21,EUR,BRL,6.2692
2025-10-22,EUR,BRL,6.2567
2025-10-23,EUR,BRL,6.2602
2025-10-24,EUR,BRL,6.2564
2025-10-25,EUR,BRL,6.2566
2025-10-26,EUR,BRL,6.2568
2025-10-27,EUR,BRL,6.2585
2025-10-28,EUR,BRL,6.2647
2025-10-29,EUR,BRL,6.2375
2025-10-30,EUR,BRL,6.238
2025-10-31,EUR,BRL,6.2277
2025-11-01,EUR,BRL,6.2269
2025-11-02,EUR,BRL,6.2255
2025-11-03,EUR,BRL,6.1965
2025-11-04,EUR,BRL,6.1897
2025-11-05,EUR,BRL,6.1949
2025-11-06,EUR,BRL,6.17
2025-11-07,EUR,BRL,6.1869
2025-11-08,EUR,BRL,6.1885
2025-11-09,EUR,BRL,6.1885
2025-11-10,EUR,BRL,6.1686
2025-11-11,EUR,BRL,6.1375
2025-11-12,EUR,BRL,6.1191
2025-11-13,EUR,BRL,6.1349
2025-11-14,EUR,BRL,6.1615
2025-11-15,EUR,BRL,6.1625
2025-11-16,EUR,BRL,6.1637
2025-11-17,EUR,BRL,6.1569
2025-11-18,EUR,BRL,6.1743
2025-11-19,EUR,BRL,6.175
2025-11-20,EUR,BRL,6.155
2025-11-21,EUR,BRL,6.178
2025-11-22,EUR,BRL,6.1787
2025-11-23,EUR,BRL,6.1829
2025-11-24,EUR,BRL,6.2109
2025-11-25,EUR,BRL,6.2125
2025-11-26,EUR,BRL,6.2233
2025-11-27,EUR,BRL,6.2061
2025-11-28,EUR,BRL,6.194
2025-11-29,EUR,BRL,6.1935
2025-11-30,EUR,BRL,6.1926
2025-12-01,EUR,BRL,6.2032
2025-12-02,EUR,BRL,6.2174
2025-12-03,EUR,BRL,6.2039
2025-12-04,EUR,BRL,6.1988
2025-12-05,EUR,BRL,6.209
2025-12-06,EUR,BRL,6.2076
2025-12-07,EUR,BRL,6.2152
2025-12-08,EUR,BRL,6.2925
2025-12-09,EUR,BRL,6.3262
2025-12-10,EUR,BRL,6.3408
2025-12-11,EUR,BRL,6.3693
2025-12-12,EUR,BRL,6.3542
2025-12-13,EUR,BRL,6.3524
2025-12-14,EUR,BRL,6.3503
2025-12-15,EUR,BRL,6.3503
2025-12-16,EUR,BRL,6.3781
2025-12-17,EUR,BRL,6.4372
2025-12-18,EUR,BRL,6.4745
2025-12-19,EUR,BRL,6.4742
2025-12-20,EUR,BRL,6.4737
2025-12-21,EUR,BRL,6.4747
2025-12-22,EUR,BRL,6.4979
2025-12-23,EUR,BRL,6.5529
2025-12-24,EUR,BRL,6.544
2025-12-25,EUR,BRL,6.5367
2025-12-26,EUR,BRL,6.5349
2025-12-27,EUR,BRL,6.531
2025-12-28,EUR,BRL,6.5302
2025-12-29,EUR,BRL,6.5407
2025-12-30,EUR,BRL,6.5227
2025-12-31,EUR,BRL,6.4744
2026-01-01,EUR,BRL,6.4671
